"name","price","cpu_mark","single_thread_score","wattage","power_perf","cores","socket"
"AMD Ryzen Threadripper PRO 3995WX",6807.98,83971,2626,280,"299.9",64,"sWRX8"
"AMD Ryzen Threadripper 3990X",8399.69,81568,2569,280,"291.31",64,"sTRX4"
"AMD Ryzen Threadripper 3970X",2997.99,63835,2694,280,"227.98",32,"sTRX4"
"AMD Ryzen Threadripper PRO 3975WX",4499.99,63495,2666,280,"226.77",32,"sWRX8"
"AMD Ryzen Threadripper 3960X",1682.9,54757,2678,280,"195.56",24,"sTRX4"
"AMD Ryzen 9 5950X",649.74,46195,3498,105,"439.96",16,"AM4"
"Intel Core i9-12900KS",779.98,44243,4317,150,"294.95",8,"LGA 1700"
"Intel Core i9-12900KF",572.98,41163,4217,241,"170.8",8,"FCLGA1700"
"Intel Core i9-12900K",599.95,41077,4209,241,"170.44",8,"FCLGA1700"
"AMD Ryzen Threadripper PRO 3955WX",1995,40225,2696,280,"143.66",16,"sWRX8"
"AMD Ryzen 9 5900X",393.03,39457,3494,105,"375.78",12,"AM4"
"AMD Ryzen 9 3950X",650,39157,2738,105,"372.92",16,"AM4"
"Intel Core i9-12900",509,38281,4162,65,"588.95",8,"FCLGA1700"
"Intel Xeon W-3175X @ 3.10GHz",1595.96,37167,2148,255,"145.75",28,"FCLGA3647"
"Intel Core i9-12900F",529.99,35726,4045,65,"549.63",8,"FCLGA1700"
"Intel Core i9-12900T",489,34999,4032,35,"999.97",8,"FCLGA1700"
"Intel Core i7-12700K",409,34125,4047,190,"179.61",8,"FCLGA1700"
"Intel Core i7-12700KF",350.99,34110,4054,190,"179.53",8,"FCLGA1700"
"Intel Core i9-10980XE @ 3.00GHz",999.99,33408,2667,165,"202.47",18,"FCLGA2066"
"AMD Ryzen 9 3900XT",618.77,32869,2786,105,"313.04",12,"AM4"
"AMD Ryzen 9 3900X",359,32751,2725,105,"311.92",12,"AM4"
"AMD Ryzen Threadripper 2990WX",2100,32475,2290,250,"129.9",32,"sTR4"
"Intel Core i7-12700F",312.96,32268,3987,65,"496.43",8,"FCLGA1700"
"Intel Core i9-9980XE @ 3.00GHz",1442.21,31905,2566,165,"193.37",18,"FCLGA2066"
"Intel Core i7-12700",328,31659,3948,65,"487.07",8,"FCLGA1700"
"AMD Ryzen 9 3900",517.27,30660,2627,65,"471.7",12,"AM4"
"Intel Core i9-9960X @ 3.10GHz",1498.95,30655,2631,165,"185.79",16,"FCLGA2066"
"AMD Ryzen Threadripper 2970WX",669,30433,2358,250,"121.73",24,"sTR4"
"Intel Core i9-9990XE @ 4.00GHz",2163,30162,2970,255,"118.28",14,"LGA2066"
"AMD Ryzen Threadripper 2950X",990,29981,2488,180,"166.56",16,"sTR4"
"Intel Core i9-7980XE @ 2.60GHz",816.42,29842,2474,165,"180.86",18,"FCLGA2066"
"Intel Core i9-10940X @ 3.30GHz",771.99,28619,2724,165,"173.45",14,"FCLGA2066"
"Intel Core i9-9940X @ 3.30GHz",841.4,28411,2647,165,"172.19",14,"FCLGA2066"
"AMD Ryzen 7 5800X",333.99,28368,3485,105,"270.17",8,"AM4"
"AMD Ryzen Threadripper 1950X",684.47,28037,2293,180,"155.76",16,"sTR4"
"Intel Xeon W-2275 @ 3.30GHz",1112,27904,2790,165,"169.12",14,"FCLGA2066"
"Intel Core i5-12600K",277.98,27429,3965,150,"182.86",6,"FCLGA1700"
"Intel Core i5-12600KF",260.98,27186,3967,150,"181.24",6,"FCLGA1700"
"AMD Ryzen 7 5700X",299,27065,3397,65,"416.38",8,"AM4"
"Intel Core i9-7960X @ 2.80GHz",990.97,26699,2525,165,"161.81",16,"FCLGA2066"
"Intel Core i9-10920X @ 3.50GHz",679.99,26696,2766,165,"161.79",12,"FCLGA2066"
"Intel Core i9-7940X @ 3.10GHz",548.87,26508,2490,165,"160.65",14,"FCLGA2066"
"Intel Core i9-11900K @ 3.50GHz",397.97,25539,3519,125,"204.31",8,"FCLGA1200"
"AMD Ryzen 7 5800X3D",599,25508,2850,105,"242.93",8,"AM4"
"Intel Core i9-11900KF @ 3.50GHz",379.98,25390,3563,125,"203.12",8,"FCLGA1200"
"Intel Core i9-9920X @ 3.50GHz",999,25291,2621,165,"153.28",12,"FCLGA2066"
"AMD Ryzen Threadripper 2920X",761,25203,2482,180,"140.01",12,"sTR4"
"Intel Core i7-11700K @ 3.60GHz",297,24749,3429,125,"197.99",8,"FCLGA1200"
"AMD Ryzen 7 5700G",233,24545,3281,65,"377.62",8,"AM4"
"Intel Core i7-11700KF @ 3.60GHz",279,24147,3420,125,"193.17",8,"FCLGA1200"
"AMD Ryzen 7 3800XT",391.65,23815,2845,105,"226.81",8,"AM4"
"Intel Core i9-11900F @ 2.50GHz",379.99,23814,3528,65,"366.37",8,"FCLGA1200"
"Intel Core i9-10900K @ 3.70GHz",389.97,23768,3167,125,"190.14",10,"FCLGA1200"
"Intel Core i9-10900KF @ 3.70GHz",339.99,23508,3141,125,"188.06",10,"FCLGA1200"
"Intel Core i9-7920X @ 2.90GHz",375,23292,2467,140,"166.37",12,"FCLGA2066"
"AMD Ryzen 7 3800X",248.59,23275,2735,105,"221.67",8,"AM4"
"Intel Core i9-11900 @ 2.50GHz",347.88,23117,3443,65,"355.65",8,"FCLGA1200"
"Intel Core i9-10850K @ 3.60GHz",408.44,23055,3091,125,"184.44",10,"FCLGA1200"
"AMD Ryzen Threadripper 1920X",299.99,22903,2300,180,"127.24",12,"sTR4"
"AMD Ryzen 7 PRO 3700",329.99,22800,2673,65,"350.76",8,"AM4"
"Intel Core i9-11900KB @ 3.30GHz",539,22769,3303,65,"350.29",8,"FCBGA1787"
"AMD Ryzen 7 3700X",367.52,22716,2680,65,"349.48",8,"AM4"
"Intel Core i7-12700T",339,22688,3295,35,"648.24",8,"FCLGA1700"
"Intel Core i9-10900X @ 3.70GHz",560,22683,2696,165,"137.47",10,"FCLGA2066"
"AMD Ryzen 5 5600X",216.99,22088,3377,65,"339.82",6,"AM4"
"Intel Core i9-9900X @ 3.50GHz",654.99,21868,2604,165,"132.54",10,"FCLGA2066"
"Intel Core i7-11700F @ 2.50GHz",289.99,21447,3339,65,"329.95",8,"FCLGA1200"
"Intel Core i5-12600",238.97,21368,3883,65,"328.73",6,"LGA 1700"
"AMD Ryzen 5 5600",189.99,21350,3208,65,"328.46",6,"AM4"
"Intel Core i9-7900X @ 3.30GHz",269.98,21310,2594,140,"152.21",10,"FCLGA2066"
"Intel Core i9-10900F @ 2.80GHz",350,20881,3070,65,"321.25",10,"FCLGA1200"
"Intel Core i7-11700 @ 2.50GHz",316.99,20588,3146,95,"216.72",8,"FCLGA1200"
"AMD Ryzen 7 PRO 4750G",299.99,20570,2710,65,"316.46",8,"AM4"
"Intel Core i9-10900 @ 2.80GHz",389.97,20446,3057,65,"314.55",10,"FCLGA1200"
"Intel Core i5-12500",202,20309,3759,65,"312.45",6,"LGA 1700"
"Intel Core i9-11900T @ 1.50GHz",439,20225,3419,35,"577.86",8,"FCLGA1200"
"AMD Ryzen 7 4700G",319,20138,2758,65,"309.82",8,"AM4"
"AMD Ryzen 5 5500",159,19949,3096,65,"306.9",6,"AM4"
"AMD Ryzen 5 5600G",179.97,19830,3187,65,"305.08",6,"AM4"
"Intel Core i5-11600K @ 3.90GHz",209.99,19781,3374,125,"158.25",6,"FCLGA1200"
"Intel Core i5-11600KF @ 3.90GHz",232.49,19742,3359,125,"157.93",6,"FCLGA1200"
"Intel Core i5-12400F",174.98,19659,3567,65,"302.44",6,"FCLGA1700"
"Intel Core i5-12400",192,19571,3532,65,"301.09",6,"LGA 1700"
"Intel Core i9-9900KS @ 4.00GHz",898.3,19518,3039,127,"153.69",8,"FCLGA1151-2"
"Intel Core i7-10700K @ 3.80GHz",328.98,19277,3074,125,"154.22",8,"FCLGA1200"
"Intel Core i7-10700KF @ 3.80GHz",309.99,19143,3056,125,"153.14",8,"FCLGA1200"
"AMD Ryzen 5 3600XT",327.52,18780,2794,95,"197.69",6,"AM4"
"Intel Core i9-9900K @ 3.60GHz",622,18716,2960,95,"197.02",8,"FCLGA1151-2"
"Intel Core i9-9900KF @ 3.60GHz",502.13,18691,2968,95,"196.75",8,"FCLGA1151-2"
"Intel Core i5-11600 @ 2.80GHz",216.41,18318,3302,65,"281.81",6,"FCLGA1200"
"Intel Core i9-9820X @ 3.30GHz",685,18288,2406,165,"110.84",10,"FCLGA2066"
"AMD Ryzen 5 3600X",209.99,18285,2670,95,"192.47",6,"AM4"
"Intel Core i7-9800X @ 3.80GHz",650,18240,2595,165,"110.54",8,"FCLGA2066"
"AMD Ryzen 5 3600",153.49,17822,2576,65,"274.18",6,"AM4"
"Intel Core i5-12500T",202,17728,3618,35,"506.53",6,"FCLGA1700"
"Intel Core i5-11500 @ 2.70GHz",197.19,17626,3153,65,"271.17",6,"FCLGA1200"
"AMD Ryzen 7 2700X",212.98,17578,2436,105,"167.41",8,"AM4"
"Intel Core i7-7820X @ 3.60GHz",709,17283,2539,140,"123.45",8,"FCLGA2066"
"Intel Core i5-11400F @ 2.60GHz",149.99,17213,3023,65,"264.82",6,"FCLGA1200"
"Intel Core i7-6950X @ 3.00GHz",377.32,17142,2334,140,"122.44",10,"LGA2011-v3"
"Intel Core i5-11400 @ 2.60GHz",174.21,17132,3048,65,"263.57",6,"FCLGA1200"
"Intel Core i7-10700F @ 2.90GHz",249.99,16973,2919,65,"261.12",8,"FCLGA1200"
"AMD Ryzen Threadripper 1900X",249.99,16955,2343,180,"94.19",8,"sTR4"
"Intel Core i7-10700 @ 2.90GHz",268.99,16946,2922,65,"260.71",8,"FCLGA1200"
"Intel Core i9-9900 @ 3.10GHz",458.99,16873,2863,65,"259.58",8,"FCLGA1151-2"
"AMD Ryzen 5 4500",141.75,16698,2605,65,"256.89",6,"AM4"
"AMD Ryzen 5 PRO 4650G",257.36,16428,2664,65,"252.73",6,"AM4"
"AMD Ryzen 7 1800X",178.03,16306,2186,95,"171.64",8,"AM4"
"AMD Ryzen 7 2700",254.2,15654,2197,65,"240.82",8,"AM4"
"AMD Ryzen 7 1700X",168.06,15496,2074,95,"163.12",8,"AM4"
"Intel Core i7-11700T @ 1.40GHz",323,15271,2859,35,"436.3",8,"FCLGA1200"
"Intel Core i5-11600T @ 1.70GHz",213,15254,2884,35,"435.82",6,"FCLGA1200"
"Intel Core i9-10900T @ 1.90GHz",439,15134,2523,35,"432.4",10,"FCLGA1200"
"Intel Core i3-12300",143,14955,3673,60,"249.26",4,"LGA 1700"
"AMD Ryzen 7 1700",152.68,14628,1985,65,"225.05",8,"AM4"
"Intel Core i5-10600KF @ 4.10GHz",184.98,14575,2948,125,"116.6",6,"FCLGA1200"
"Intel Core i7-9700K @ 3.60GHz",390.99,14550,2899,95,"153.16",8,"FCLGA1151-2"
"Intel Core i7-8086K @ 4.00GHz",549,14550,2895,95,"153.16",6,"FCLGA1151-2"
"Intel Core i5-10600K @ 4.10GHz",212.97,14534,2936,125,"116.27",6,"FCLGA1200"
"Intel Core i3-12100",122,14503,3549,60,"241.72",4,"LGA 1700"
"Intel Core i7-9700KF @ 3.60GHz",424.99,14499,2920,95,"152.62",8,"FCLGA1151-2"
"Intel Core i7-6900K @ 3.20GHz",384.95,14291,2361,140,"102.08",8,"FCLGA2011-3"
"AMD Ryzen 5 2600X",154.39,14053,2406,95,"147.92",6,"AM4"
"Intel Core i9-9900T @ 2.10GHz",439,13947,2505,35,"398.49",8,"FCLGA1151-2"
"Intel Core i5-10600 @ 3.30GHz",219.99,13928,2911,65,"214.27",6,"FCLGA1200"
"Intel Core i7-8700K @ 3.70GHz",309,13850,2764,95,"145.79",6,"FCLGA1151-2"
"Intel Core i5-11500T @ 1.50GHz",192,13820,2571,35,"394.85",6,"FCLGA1200"
"Intel Core i7-9700F @ 3.00GHz",340.99,13462,2796,65,"207.11",8,"FCLGA1151-2"
"Intel Core i7-9700 @ 3.00GHz",322.85,13385,2782,65,"205.93",8,"FCLGA1151-2"
"AMD Ryzen 5 3500X",184.95,13319,2525,65,"204.91",6,"AM4"
"AMD Ryzen 5 2600",124.88,13195,2250,65,"202.99",6,"AM4"
"Intel Core i7-10700T @ 2.00GHz",447.99,13119,2661,35,"374.82",8,"FCLGA1200"
"Intel Core i5-11400T @ 1.30GHz",182,13078,2549,35,"373.67",6,"FCLGA1200"
"Intel Core i5-10500 @ 3.10GHz",209.88,13056,2785,65,"200.86",6,"FCLGA1200"
"Intel Core i7-8700 @ 3.20GHz",260.99,13046,2662,65,"200.71",6,"FCLGA1151-2"
"AMD Ryzen 5 1600X",169.46,12943,2183,95,"136.25",6,"AM4"
"Intel Core i7-7800X @ 3.50GHz",199.99,12864,2414,140,"91.89",6,"FCLGA2066"
"Intel Core i3-12100T",122,12767,3412,35,"364.77",4,"FCLGA1700"
"AMD Ryzen 3 3300X",269.99,12746,2689,65,"196.1",4,"AM4"
"Intel Core i7-5960X @ 3.00GHz",215.61,12719,1979,140,"90.85",8,"LGA2011-v3"
"Intel Core i5-10400F @ 2.90GHz",124.99,12439,2572,65,"191.37",6,"FCLGA1200"
"Intel Core i5-10400 @ 2.90GHz",149.99,12320,2587,65,"189.53",6,"FCLGA1200"
"AMD Ryzen 5 1600",159.82,12314,2074,65,"189.45",6,"AM4"
"Intel Core i7-9700E @ 2.60GHz",323,12239,2576,65,"188.3",8,"FCLGA1151-2"
"AMD Ryzen 3 3100",137.95,11660,2427,65,"179.38",4,"AM4"
"Intel Core i5-10600T @ 2.40GHz",213,11376,2422,35,"325.02",6,"FCLGA1200"
"Intel Core i7-6850K @ 3.60GHz",326.97,11295,2407,140,"80.68",6,"FCLGA2011-3"
"Intel Core i5-9600KF @ 3.70GHz",159,10838,2786,95,"114.08",6,"FCLGA1151-2"
"Intel Core i5-9600K @ 3.70GHz",232.6,10793,2773,95,"113.61",6,"FCLGA1151-2"
"Intel Core i7-9700T @ 2.00GHz",323,10736,2445,35,"306.74",8,"FCLGA1151-2"
"Intel Core i7-6800K @ 3.40GHz",259.99,10681,2272,140,"76.29",6,"LGA2011-v3"
"Intel Core i7-8700T @ 2.40GHz",343.02,10431,2366,35,"298.04",6,"FCLGA1151-2"
"Intel Core i5-9600 @ 3.10GHz",256.55,10369,2751,65,"159.53",6,"FCLGA1151-2"
"Intel Core i5-10500T @ 2.30GHz",192,10365,2342,35,"296.14",6,"FCLGA1200"
"Intel Core i5-9500F @ 3.00GHz",182,10330,2676,65,"158.92",6,"FCLGA1151-2"
"Intel Core i3-10325 @ 3.90GHz",154,10308,2890,65,"158.59",4,"FCLGA1200"
"Intel Core i7-5930K @ 3.50GHz",319.95,10304,2063,140,"73.6",6,"LGA2011-v3"
"Intel Core i5-8600K @ 3.60GHz",235.99,10195,2609,95,"107.32",6,"FCLGA1151-2"
"Intel Core i3-10320 @ 3.80GHz",133.95,10115,2848,65,"155.61",4,"FCLGA1200"
"Intel Core i5-10400T @ 2.00GHz",182,10052,2168,35,"287.2",6,"FCLGA1200"
"Intel Core i7-4960X @ 3.60GHz",1250,9906,2078,130,"76.2",6,"LGA2011"
"Intel Core i7-7740X @ 4.30GHz",225.99,9864,2805,112,"88.07",4,"FCLGA2066"
"Intel Core i5-8600 @ 3.10GHz",275.67,9849,2582,65,"151.52",6,"FCLGA1151-2"
"Intel Core i7-5820K @ 3.30GHz",255.36,9814,2010,140,"70.1",6,"LGA2011-v3"
"Intel Core i5-9500 @ 3.00GHz",297.59,9698,2578,65,"149.2",6,"FCLGA1151-2"
"Intel Core i3-10305 @ 3.80GHz",159.99,9689,2834,65,"149.06",4,"FCLGA1200"
"Intel Core i7-7700K @ 4.20GHz",349.44,9658,2730,95,"101.66",4,"LGA 1151"
"Intel Core i5-8500 @ 3.00GHz",190,9576,2485,65,"147.32",6,"FCLGA1151-2"
"Intel Core i5-9400 @ 2.90GHz",139.99,9478,2479,65,"145.82",6,"FCLGA1151-2"
"Intel Core i7-4930K @ 3.40GHz",174.85,9360,1963,130,"72",6,"LGA2011"
"AMD Ryzen 5 3400G",228,9331,2360,65,"143.56",4,"AM4"
"Intel Core i3-10300 @ 3.70GHz",138.99,9284,2677,65,"142.82",4,"FCLGA1200"
"Intel Core i5-8400 @ 2.80GHz",230,9222,2404,65,"141.88",6,"FCLGA1151-2"
"AMD Ryzen 5 1500X",120.36,9083,2110,65,"139.75",4,"AM4"
"Intel Core i7-6700K @ 4.00GHz",230,8967,2520,95,"94.39",4,"LGA1151"
"Intel Core i3-10105 @ 3.70GHz",107,8928,2718,65,"137.36",4,"FCLGA1200"
"Intel Core i3-10100F @ 3.60GHz",79.99,8854,2604,65,"136.22",4,"FCLGA1200"
"Intel Core i3-10100 @ 3.60GHz",112.99,8800,2637,65,"135.39",4,"FCLGA1200"
"AMD Ryzen 5 2400G",214,8729,2158,65,"134.29",4,"AM4"
"Intel Core i7-7700 @ 3.60GHz",219.99,8638,2472,65,"132.9",4,"LGA1151"
"Intel Core i7-3960X @ 3.30GHz",159.99,8596,1816,130,"66.12",6,"LGA2011"
"Intel Core i5-9600T @ 2.30GHz",213,8393,2175,35,"239.79",6,"FCLGA1151-2"
"Intel Core i7-3970X @ 3.50GHz",187,8373,1832,150,"55.82",6,"LGA2011"
"Intel Core i5-9500T @ 2.20GHz",192,8256,2200,35,"235.88",6,"FCLGA1151-2"
"Intel Core i7-3930K @ 3.20GHz",250,8244,1762,130,"63.42",6,"LGA2011"
"Intel Core i5-8600T @ 2.30GHz",199.99,8227,2180,35,"235.06",6,"FCLGA1151-2"
"Intel Core i3-10305T @ 3.00GHz",143,8136,2456,35,"232.46",4,"FCLGA1200"
"Intel Core i7-6700 @ 3.40GHz",255,8078,2300,65,"124.27",4,"LGA 1151"
"Intel Core i7-4790K @ 4.00GHz",206.87,8061,2467,88,"91.6",4,"LGA1150"
"Intel Core i3-10300T @ 3.00GHz",174.28,7997,2350,35,"228.49",4,"FCLGA1200"
"Intel Core i3-10105T @ 3.00GHz",122,7850,2350,35,"224.28",4,"FCLGA1200"
"Intel Core i5-9400T @ 1.80GHz",182,7819,2057,35,"223.39",6,"FCLGA1151-2"
"Intel Core i7-5775C @ 3.30GHz",174.95,7801,2318,65,"120.02",4,"FCLGA1150"
"AMD Ryzen 5 1400",109.65,7783,1904,65,"119.74",4,"AM4"
"Intel Core i5-8500T @ 2.10GHz",247.53,7699,2045,35,"219.98",6,"FCLGA1151-2"
"Intel Core i3-9350K @ 4.00GHz",293.22,7694,2823,91,"84.55",4,"FCLGA1151"
"AMD Ryzen 3 2300X",178.09,7566,2364,65,"116.4",4,"AM4"
"Intel Core i7-7700T @ 2.90GHz",390,7561,2156,35,"216.04",4,"FCLGA1151"
"Intel Core i5-8400T @ 1.70GHz",239.84,7447,1924,35,"212.77",6,"FCLGA1151-2"
"Intel Core i3-9320 @ 3.70GHz",217.97,7358,2711,62,"118.68",4,"FCLGA1151-2"
"Intel Core i3-9350KF @ 4.00GHz",207.36,7318,2666,91,"80.42",4,"FCLGA1151-2"
"Intel Core i3-9300 @ 3.70GHz",194.99,7279,2666,62,"117.4",4,"FCLGA1151-2"
"Intel Core i7-6700T @ 2.80GHz",299,7271,2091,35,"207.74",4,"LGA 1151"
"Intel Core i7-4790 @ 3.60GHz",200,7235,2234,84,"86.13",4,"FCLGA1150"
"AMD Ryzen 3 3200G",144.99,7188,2218,65,"110.58",4,"AM4"
"Intel Core i7-990X @ 3.47GHz",1500.19,7137,1600,130,"54.9",6,"LGA1366"
"Intel Core i7-4770K @ 3.50GHz",329.99,7129,2165,84,"84.87",4,"LGA1150"
"Intel Core i7-4771 @ 3.50GHz",196.86,7074,2190,84,"84.21",4,"LGA1150"
"Intel Core i7-4770 @ 3.40GHz",178.69,7030,2166,84,"83.69",4,"LGA1150"
"Intel Core i7-980 @ 3.33GHz",160.19,7018,1558,130,"53.99",6,"LGA1366"
"Intel Core i7-4790S @ 3.20GHz",163,6954,2198,65,"106.98",4,"LGA1150"
"AMD Ryzen 3 1300X",115,6925,2096,65,"106.54",4,"AM4"
"Intel Pentium Gold G7400",66.99,6896,3084,46,"149.92",2,"LGA1700,BGA1700"
"Intel Core i5-7600K @ 3.80GHz",165.99,6869,2566,91,"75.49",4,"FCLGA1151"
"Intel Core i3-8350K @ 4.00GHz",206.16,6862,2489,91,"75.41",4,"FCLGA1151-2"
"Intel Core i7-4770S @ 3.10GHz",1270,6819,2148,65,"104.91",4,"LGA1150"
"Intel Core i7-980X @ 3.33GHz",144.62,6813,1532,130,"52.41",6,"LGA1366"
"AMD Ryzen 3 2200G",124,6781,2060,65,"104.33",4,"AM4"
"AMD FX-9590 Eight-Core",344.04,6768,1829,220,"30.76",4,"AM3+"
"Intel Core i3-9100F @ 3.60GHz",124,6768,2519,65,"104.12",4,"FCLGA1151-2"
"Intel Core i5-7640X @ 4.00GHz",65,6675,2511,112,"59.6",4,"FCLGA2066"
"Intel Core i3-9100 @ 3.60GHz",169.96,6625,2519,65,"101.93",4,"FCLGA1151-2"
"Intel Core i5-7600 @ 3.50GHz",169.99,6598,2476,65,"101.5",4,"FCLGA1151"
"Intel Core i7-4820K @ 3.70GHz",149.73,6501,1945,130,"50.01",4,"FCLGA2011"
"Intel Core i7-970 @ 3.20GHz",520,6499,1455,130,"49.99",6,"LGA1366"
"Intel Core i7-3770K @ 3.50GHz",136.48,6462,2082,77,"83.93",4,"LGA1155"
"Intel Core i7-3770 @ 3.40GHz",139.98,6397,2076,77,"83.08",4,"LGA1155"
"Intel Core i5-6600K @ 3.50GHz",135,6307,2332,91,"69.31",4,"FCLGA1151"
"AMD Ryzen 3 1200",103.55,6304,1927,65,"96.98",4,"AM4"
"Intel Core i7-4790T @ 2.70GHz",893,6291,2100,45,"139.81",4,"LGA1150"
"Intel Core i7-3770S @ 3.10GHz",114,6178,2034,65,"95.05",4,"LGA1155"
"Intel Core i3-8100 @ 3.60GHz",169.99,6163,2240,65,"94.82",4,"FCLGA1151-2"
"Intel Core i3-9300T @ 3.20GHz",143,6162,2318,35,"176.07",4,"FCLGA1151-2"
"Intel Core i3-8300 @ 3.70GHz",265.7,6136,2262,62,"98.97",4,"FCLGA1151-2"
"AMD FX-8370 Eight-Core",218.99,6128,1626,125,"49.02",4,"AM3+"
"Intel Core i5-6600 @ 3.30GHz",119,6107,2284,65,"93.96",4,"LGA 1151"
"Intel Core i5-7600T @ 2.80GHz",298,6073,2231,35,"173.5",4,"FCLGA1151"
"Intel Core i5-7500 @ 3.40GHz",165.99,6064,2284,65,"93.3",4,"LGA1151"
"AMD FX-9370 Eight-Core",253,5985,1671,220,"27.21",4,"AM3+"
"AMD FX-8350 Eight-Core",122.99,5969,1576,125,"47.75",4,"AM3+"
"Intel Core i3-8300T @ 3.20GHz",158.95,5827,2005,25,"233.07",4,"FCLGA1151-2"
"Intel Core i7-3820 @ 3.60GHz",117.97,5754,1736,130,"44.26",4,"LGA2011"
"Intel Core i7-4770T @ 2.50GHz",770,5748,1930,45,"127.73",4,"LGA1150"
"Intel Core i5-6600T @ 2.70GHz",121.98,5655,2096,35,"161.56",4,"LGA 1151"
"Intel Core i5-6500 @ 3.20GHz",129,5655,2123,65,"87",4,"LGA 1151"
"Intel Core i5-4690K @ 3.50GHz",69.99,5623,2197,88,"63.9",4,"LGA1150"
"Intel Core i7-2700K @ 3.50GHz",180,5604,1786,95,"58.99",4,"LGA1155"
"Intel Core i7-3770T @ 2.50GHz",156.59,5573,1933,45,"123.84",4,"LGA1155"
"Intel Core i5-4690 @ 3.50GHz",118.88,5572,2205,84,"66.33",4,"LGA1150"
"Intel Core i5-5675C @ 3.10GHz",258.34,5548,2251,65,"85.36",4,"FCLGA1150"
"Intel Core i5-4670K @ 3.40GHz",154.88,5547,2154,84,"66.04",4,"LGA1150"
"Intel Core i7-2600K @ 3.40GHz",79.99,5500,1745,95,"57.89",4,"LGA1155"
"Intel Core i5-7400 @ 3.00GHz",175,5499,2103,65,"84.6",4,"FCLGA1151"
"Intel Core i5-4670 @ 3.40GHz",100,5440,2142,84,"64.77",4,"LGA1150"
"Intel Core i3-9100T @ 3.10GHz",122,5419,2106,35,"154.82",4,"FCLGA1151-2"
"Intel Core i5-6402P @ 2.80GHz",139.88,5414,2027,65,"83.29",4,"LGA 1151"
"AMD FX-8320 Eight-Core",82.38,5409,1472,125,"43.27",4,"AM3+"
"Intel Core i5-4690S @ 3.20GHz",138.47,5380,2186,65,"82.77",4,"LGA1150"
"Intel Core i5-4590 @ 3.30GHz",58,5344,2093,84,"63.62",4,"LGA1150"
"Intel Core i7-2600 @ 3.40GHz",89,5344,1741,95,"56.25",4,"LGA1155"
"Intel Core i5-7500T @ 2.70GHz",188.98,5319,1964,35,"151.97",4,"FCLGA1151"
"Intel Core i3-8100T @ 3.10GHz",262.83,5291,1922,35,"151.18",4,"FCLGA1151-2"
"Intel Core i5-4670R @ 3.00GHz",276,5233,2164,65,"80.5",4,"FCBGA1364"
"AMD FX-8300 Eight-Core",68.69,5223,1484,95,"54.97",4,"AM3+"
"Intel Core i5-4570 @ 3.20GHz",99.99,5199,2036,84,"61.9",4,"LGA1150"
"Intel Core i5-6400 @ 2.70GHz",129.99,5163,1964,65,"79.43",4,"LGA 1151"
"AMD FX-8150 Eight-Core",62.73,5158,1424,125,"41.26",4,"AM3+"
"AMD FX-8310 Eight-Core",831.15,5145,1413,95,"54.15",4,"AM3+"
"Intel Core i5-4590S @ 3.00GHz",260,5095,2052,65,"78.39",4,"LGA1150"
"Intel Core i7-4765T @ 2.00GHz",498.95,5036,1619,35,"143.88",4,"FCLGA1150"
"AMD FX-8320E Eight-Core",132,4972,1410,95,"52.34",4,"AM3+"
"Intel Core i5-3570K @ 3.40GHz",65.64,4936,2049,77,"64.11",4,"LGA1155"
"Intel Core i5-4670S @ 3.10GHz",213,4919,2063,65,"75.67",4,"FCLGA1150"
"Intel Core i5-4570S @ 2.90GHz",169.59,4914,1981,65,"75.59",4,"LGA1150"
"Intel Core i5-3570 @ 3.40GHz",166,4910,2049,77,"63.77",4,"LGA1155"
"AMD FX-8140 Eight-Core",148.86,4860,1273,95,"51.15",4,"AM3+"
"Intel Core i3-7320 @ 4.10GHz",177.19,4856,2499,51,"95.21",2,"FCLGA1151"
"Intel Core i5-6500T @ 2.50GHz",221.52,4845,1831,35,"138.42",4,"LGA 1151"
"Intel Core i5-4460 @ 3.20GHz",79.46,4834,1902,84,"57.55",4,"LGA1150"
"Intel Core i3-7350K @ 4.20GHz",250.8,4819,2493,60,"80.32",2,"FCLGA1151"
"Intel Core i5-3550 @ 3.30GHz",335.31,4783,1997,77,"62.11",4,"LGA1155"
"Intel Core i5-6500TE @ 2.30GHz",230.61,4776,1828,35,"136.47",4,"LGA 1151"
"Intel Core i5-4440 @ 3.10GHz",79,4718,1860,84,"56.16",4,"FCLGA1150"
"Intel Core i5-7400T @ 2.40GHz",174.85,4710,1763,35,"134.57",4,"LGA1151"
"Intel Core i3-7300 @ 4.00GHz",299.99,4703,2423,51,"92.23",2,"FCLGA1151"
"Intel Core i5-3470 @ 3.20GHz",105.57,4657,1943,77,"60.48",4,"LGA1155"
"Intel Core i5-4430 @ 3.00GHz",148.77,4646,1806,84,"55.31",4,"LGA1150"
"Intel Core i5-3570S @ 3.10GHz",66.9,4620,1996,65,"71.08",4,"LGA1155"
"AMD FX-8120 Eight-Core",49.99,4578,1327,125,"36.62",4,"AM3+"
"AMD Athlon 240GE",138,4551,1986,35,"130.03",2,"AM4"
"Intel Core i5-3550S @ 3.00GHz",319.95,4537,1982,65,"69.79",4,"LGA1155"
"Intel Core i7-2600S @ 2.80GHz",284,4524,1712,65,"69.61",4,"LGA1155"
"Intel Core i5-4460S @ 2.90GHz",659.99,4503,1847,65,"69.28",4,"LGA1150"
"Intel Core i5-3450 @ 3.10GHz",239.95,4497,1887,77,"58.41",4,"LGA1155"
"Intel Pentium Gold G6605 @ 4.30GHz",124.25,4493,2658,58,"77.47",2,"FCLGA1200"
"AMD Athlon 3000G",54.99,4480,1999,35,"128.01",2,"AM4"
"AMD FX-6350 Six-Core",61.63,4463,1542,125,"35.71",3,"AM3+"
"Intel Pentium Gold G6600 @ 4.20GHz",107.35,4396,2577,58,"75.8",2,"FCLGA1200"
"Intel Core i3-6300 @ 3.80GHz",163.49,4386,2295,51,"86",2,"LGA 1151"
"Intel Pentium Gold G6505 @ 4.20GHz",75,4378,2652,58,"75.48",2,"FCLGA1200"
"Intel Core i3-6320 @ 3.90GHz",145,4372,2343,51,"85.73",2,"LGA 1151"
"Intel Core i5-4670T @ 2.30GHz",259.02,4361,1735,45,"96.91",4,"FCLGA1150"
"Intel Core i5-3470S @ 2.90GHz",69,4353,1900,65,"66.97",4,"LGA1155"
"Intel Core i3-7100 @ 3.90GHz",127.99,4342,2338,51,"85.13",2,"FCLGA1151"
"Intel Core i5-6400T @ 2.20GHz",159.99,4302,1652,35,"122.91",4,"LGA 1151"
"Intel Pentium Gold G6405 @ 4.10GHz",60.1,4285,2534,58,"73.87",2,"FCLGA1200"
"Intel Core i5-4440S @ 2.80GHz",188,4277,1790,65,"65.79",4,"LGA1150"
"Intel Core i5-3450S @ 2.80GHz",95,4264,1851,65,"65.59",4,"LGA1155"
"Intel Core i5-3350P @ 3.10GHz",165,4237,1783,69,"61.4",4,"LGA1155"
"Intel Core i3-6100 @ 3.70GHz",131.51,4177,2220,51,"81.9",2,"LGA 1151"
"Intel Core i5-3475S @ 2.90GHz",143.5,4177,1815,65,"64.26",4,"LGA1155"
"Intel Core i3-6098P @ 3.60GHz",325,4170,2160,54,"77.23",2,"LGA 1151"
"Intel Core i5-4430S @ 2.70GHz",91.99,4168,1719,65,"64.13",4,"LGA1150"
"Intel Core i5-3340 @ 3.10GHz",195,4165,1771,77,"54.09",4,"LGA1155"
"Intel Pentium Gold G5600F @ 3.90GHz",92.99,4160,2442,54,"77.04",2,"FCLGA1151-2"
"Intel Core i3-7300T @ 3.50GHz",181.59,4159,2128,35,"118.82",2,"FCLGA1151"
"AMD FX-6300 Six-Core",47.38,4155,1486,95,"43.74",3,"AM3+"
"Intel Pentium Gold G6500 @ 4.10GHz",96.99,4147,2491,58,"71.5",2,"FCLGA1200"
"AMD Athlon 200GE",123.89,4135,1817,35,"118.15",2,"AM4"
"Intel Pentium Gold G6400 @ 4.00GHz",74.63,4130,2484,58,"71.21",2,"FCLGA1200"
"Intel Core i5-2550K @ 3.40GHz",148.56,4123,1754,95,"43.4",4,"LGA1155"
"Intel Pentium Gold G5620 @ 4.00GHz",159.99,4102,2424,54,"75.97",2,"FCLGA1151-2"
"Intel Core i5-3340S @ 2.80GHz",100,4102,1792,65,"63.11",4,"LGA1155"
"Intel Core i5-2500 @ 3.30GHz",58.87,4101,1708,95,"43.17",4,"LGA1155"
"Intel Core i5-2500K @ 3.30GHz",59,4097,1699,95,"43.13",4,"LGA1155"
"Intel Core i5-3330 @ 3.00GHz",74.35,4090,1726,77,"53.11",4,"LGA1155"
"Intel Core i3-6300T @ 3.30GHz",140.59,4040,2055,35,"115.43",2,"LGA 1151"
"Intel Pentium Gold G6500T @ 3.50GHz",75,4005,2277,35,"114.42",2,"FCLGA1200"
"AMD FX-6200 Six-Core",299.95,4001,1382,125,"32.01",3,"AM3+"
"Intel Core i5-4590T @ 2.00GHz",209.95,3982,1648,35,"113.78",4,"LGA1150"
"Intel Core i5-2450P @ 3.20GHz",178.97,3974,1654,95,"41.83",4,"LGA1155"
"Intel Core i3-7101TE @ 3.40GHz",117,3911,1997,35,"111.75",2,"FCLGA1151"
"AMD PRO A12-9800",169,3878,1775,65,"59.66",4,"AM4"
"AMD FX-6120 Six-Core",108.02,3863,1415,95,"40.66",3,"AM3+"
"AMD FX-8100 Eight-Core",138.02,3847,1094,95,"40.5",4,"AM3+"
"Intel Core i5-2400 @ 3.10GHz",88.57,3840,1580,95,"40.42",4,"LGA1155"
"Intel Core i5-3330S @ 2.70GHz",199.95,3810,1691,65,"58.61",4,"LGA1155"
"Intel Core i3-4370 @ 3.80GHz",299,3807,2126,54,"70.49",2,"LGA1150"
"Intel Core i5-2380P @ 3.10GHz",77.74,3797,1607,95,"39.97",4,"LGA1155"
"Intel Core i3-7100T @ 3.40GHz",149.88,3787,2007,35,"108.2",2,"FCLGA1151"
"AMD Athlon X4 845",73.58,3784,1680,65,"58.22",2,"FM2+"
"Intel Pentium G4620 @ 3.70GHz",146,3777,2268,51,"74.06",2,"FCLGA1151"
"Intel Pentium Gold G5500 @ 3.80GHz",169.87,3770,2258,54,"69.82",2,"FCLGA1151-2"
"Intel Pentium Gold G5600 @ 3.90GHz",158,3769,2291,54,"69.79",2,"FCLGA1151-2"
"Intel Pentium Gold G6405T @ 3.50GHz",64,3746,2206,35,"107.04",2,"FCLGA1200"
"AMD Phenom II X6 1100T",130,3729,1502,125,"29.83",6,"AM3"
"Intel Pentium Gold G5400 @ 3.70GHz",112.88,3723,2224,54,"68.94",2,"FCLGA1151-2"
"Intel Core i3-4360 @ 3.70GHz",199.88,3688,2067,54,"68.29",2,"FCLGA1150"
"AMD FX-6100 Six-Core",84.04,3679,1320,95,"38.73",3,"AM3+"
"AMD Athlon X4 880K",94.65,3676,1628,95,"38.69",2,"FM2+"
"AMD Phenom II X6 1090T",87.57,3655,1456,125,"29.24",6,"AM3"
"AMD PRO A10-9700",169,3644,1655,65,"56.06",2,"AM4"
"Intel Pentium Gold G5420 @ 3.80GHz",129.55,3641,2286,54,"67.43",2,"FCLGA1151-2"
"Intel Core i5-2320 @ 3.00GHz",303.5,3632,1512,95,"38.23",4,"LGA1155"
"Intel Core i3-6100T @ 3.20GHz",999,3617,1891,35,"103.35",2,"LGA 1151"
"AMD Athlon X4 950",35.99,3611,1663,65,"55.55",4,"AM4"
"Intel Pentium Gold G6400T @ 3.40GHz",64,3610,2140,35,"103.14",2,"FCLGA1200"
"Intel Pentium G4600 @ 3.60GHz",104.94,3605,2186,51,"70.69",2,"FCLGA1151"
"Intel Core i5-2310 @ 2.90GHz",77.74,3603,1495,95,"37.93",4,"LGA1155"
"Intel Core i3-4170 @ 3.70GHz",95.8,3569,2069,54,"66.1",2,"LGA1150"
"AMD A10-9700",91.75,3546,1616,65,"54.55",4,"AM4"
"Intel Core i3-4330 @ 3.50GHz",123.37,3539,1982,54,"65.55",2,"LGA1150"
"Intel Pentium G4560 @ 3.50GHz",168,3513,2103,54,"65.06",2,"FCLGA1151"
"Intel Pentium Gold G5420T @ 3.20GHz",64,3508,1978,35,"100.24",2,"FCLGA1151-2"
"Intel Core i3-4340 @ 3.60GHz",149.99,3506,2027,54,"64.93",2,"LGA1150"
"Intel Core i3-4160 @ 3.60GHz",59.99,3495,2014,54,"64.72",2,"FCLGA1150"
"AMD A10-7870K",382.46,3485,1510,95,"36.69",2,"FM2+"
"AMD A10-7890K",161.99,3477,1566,95,"36.6",2,"FM2+"
"Intel Core i3-4350 @ 3.60GHz",99.99,3459,1902,54,"64.06",2,"LGA1150"
"Intel Core i5-2500S @ 2.70GHz",55.34,3459,1677,65,"53.21",4,"LGA1155"
"AMD A10 PRO-7850B APU",148.02,3458,1587,95,"36.4",2,"FM2+"
"AMD A12-9800E",371.05,3447,1604,35,"98.49",4,"AM4"
"AMD A12-9800",124.85,3447,1607,65,"53.03",2,"AM4"
"Intel Celeron G6900",49.99,3446,2587,46,"74.91",2,"LGA1700,BGA1700"
"AMD Athlon X4 870K",40.28,3383,1543,95,"35.61",2,"FM2+"
"Intel Core i5-2300 @ 2.80GHz",40.26,3380,1429,95,"35.58",4,"LGA1155"
"Intel Core i7-975 @ 3.33GHz",770,3370,1508,130,"25.92",4,"LGA1366"
"AMD FX-B4150 Quad-Core",89.68,3369,1425,95,"35.46",2,"AM3+"
"Intel Core i3-4370T @ 3.30GHz",138,3368,1914,35,"96.23",2,"FCLGA1150"
"AMD A10-7850K APU",70.69,3363,1512,95,"35.4",2,"FM2+"
"Intel Core i3-4150 @ 3.50GHz",999,3360,1933,54,"62.22",2,"FCLGA1150"
"AMD PRO A8-9600",119,3347,1468,65,"51.5",2,"AM4"
"AMD A10-7860K",66,3333,1538,65,"51.27",2,"FM2+"
"AMD Phenom II X6 1065T",99.98,3320,1359,95,"34.94",6,"AM3"
"AMD A8-9600",98.99,3291,1486,65,"50.62",4,"AM4"
"Intel Core i3-4130 @ 3.40GHz",72.29,3291,1890,54,"60.94",2,"LGA1150"
"Intel Core i7-965 @ 3.20GHz",90.97,3288,1452,130,"25.29",4,"LGA1366"
"AMD Athlon X4 840",124.95,3287,1482,65,"50.56",2,"FM2+"
"AMD Phenom II X6 1075T",79.99,3284,1411,125,"26.27",6,"AM3"
"AMD FX-4350 Quad-Core",99.99,3262,1603,125,"26.1",2,"AM3+"
"Intel Core i5-4400E @ 2.70GHz",266,3251,1804,37,"87.85",2,"BGA1364"
"AMD FX-4330",733.5,3248,1563,95,"34.19",2,"AM3+"
"Intel Core i7-960 @ 3.20GHz",298.61,3245,1452,130,"24.96",4,"LGA1366"
"Intel Pentium Gold G5500T @ 3.20GHz",75,3234,1964,35,"92.41",2,"FCLGA1151-2"
"AMD A8-7670K",83.56,3224,1512,95,"33.94",4,"FM2+"
"AMD A8-7600 APU",149.95,3215,1452,65,"49.47",2,"FM2+"
"AMD Phenom II X6 1055T",46.36,3195,1314,125,"25.56",6,"AM3"
"AMD PRO A12-9800E",169,3182,1551,35,"90.92",4,"AM4"
"Intel Core i3-4170T @ 3.20GHz",199.95,3162,1813,35,"90.36",2,"LGA1150"
"Intel Core i5-2400S @ 2.50GHz",144.19,3160,1480,65,"48.62",4,"LGA1155"
"AMD A10-6800K APU",67.44,3158,1605,100,"31.58",2,"FM2"
"Intel Core i7-950 @ 3.07GHz",264.88,3154,1394,130,"24.26",4,"LGA1366"
"AMD A10-7700K APU",39.3,3153,1423,95,"33.19",2,"FM2+"
"AMD A10-7800 APU",56.45,3142,1450,65,"48.34",2,"FM2+"
"Intel Core i5-4570T @ 2.90GHz",464.64,3136,1874,35,"89.59",2,"LGA1150"
"AMD FX-4200 Quad-Core",59.95,3134,1285,125,"25.07",4,"AM3+"
"Intel Core i3-4160T @ 3.10GHz",59.99,3133,1771,35,"89.53",2,"LGA1150"
"Intel Pentium G4600T @ 3.00GHz",117.99,3130,1843,35,"89.43",2,"FCLGA1151"
"AMD A10-6790K APU",49.2,3124,1569,100,"31.24",2,"FM2"
"Intel Core i7-875K @ 2.93GHz",368.88,3119,1374,95,"32.83",4,"LGA1156"
"AMD FX-4170 Quad-Core",43.79,3109,1457,125,"24.87",2,"AM3+"
"Intel Core i5-4570TE @ 2.70GHz",342,3106,1631,35,"88.73",2,"LGA1150"
"AMD A10-6700 APU",54.77,3090,1607,65,"47.54",4,"FM2"
"Intel Core i7-870 @ 2.93GHz",199.88,3074,1392,95,"32.36",4,"LGA1156"
"Intel Core i7-940 @ 2.93GHz",49,3066,1345,130,"23.58",4,"LGA1366"
"Intel Pentium Silver J5005 @ 1.50GHz",521.99,3040,1206,10,"304",4,"FCBGA1090"
"AMD Phenom II X6 1045T",45,3034,1287,95,"31.94",6,"AM3"
"AMD A8-7650K",39.62,3013,1372,65,"46.36",2,"FM2+"
"Intel Core i5-2405S @ 2.50GHz",131.39,2980,1485,65,"45.85",4,"LGA1155"
"AMD A8-6600K APU",38.99,2977,1527,100,"29.77",2,"FM2"
"Intel Core i5-3470T @ 2.90GHz",269.95,2958,1791,35,"84.53",2,"LGA1155"
"AMD Phenom II X6 1035T",108,2947,1231,95,"31.02",6,"AM3"
"AMD A10-9700E",92.99,2947,1413,35,"84.21",4,"AM4"
"Intel Core i5-2500T @ 2.30GHz",89.99,2942,1489,45,"65.37",4,"LGA1155"
"Intel Celeron G5925 @ 3.60GHz",53.93,2939,2282,58,"50.67",2,"FCLGA1200"
"AMD A10-5800K APU",46.07,2936,1495,100,"29.36",2,"FM2"
"Intel Pentium G4520 @ 3.60GHz",137.99,2926,2200,51,"57.37",2,"FCLGA1151"
"Intel Core i7-880 @ 3.07GHz",338.97,2920,1386,95,"30.74",4,"LGA1156"
"Intel Celeron J4105 @ 1.50GHz",107,2911,1097,10,"291.14",4,"FCBGA1090"
"Intel Pentium G4560T @ 2.90GHz",231.9,2909,1708,35,"83.11",2,"FCLGA1151"
"AMD Athlon X4 830",202.32,2901,1292,65,"44.63",2,"FM2+"
"AMD A8-6500B APU",49.95,2898,1531,65,"44.58",2,"FM2"
"AMD A10-5800B APU",44.99,2897,1526,100,"28.97",2,"FM2"
"AMD PRO A10-9700E",139,2896,1333,35,"82.74",2,"AM4"
"Intel Core i7-860 @ 2.80GHz",43.99,2890,1319,95,"30.42",4,"LGA1156"
"Intel Core i3-4130T @ 2.90GHz",248.56,2874,1633,35,"82.12",2,"LGA1150"
"Intel Core i3-4150T @ 3.00GHz",417.42,2867,1597,35,"81.9",2,"FCLGA1150"
"AMD A8-6500 APU",43.69,2826,1497,65,"43.47",2,"FM2"
"AMD A10-6800B APU",128.02,2824,1513,100,"28.24",2,"FM2"
"Intel Celeron G5905 @ 3.50GHz",47.19,2815,2189,58,"48.53",2,"FCLGA1200"
"AMD A8-5600K APU",69.95,2803,1417,100,"28.03",2,"FM2"
"Intel Celeron G5900 @ 3.40GHz",53.99,2790,2150,58,"48.1",2,"FCLGA1200"
"Intel Core2 Extreme X9775 @ 3.20GHz",1805.95,2780,1451,150,"18.53",4,"LGA771"
"Intel Core i7-920 @ 2.67GHz",189.88,2741,1220,130,"21.09",4,"LGA1366"
"AMD A10-5700 APU",59.95,2735,1441,65,"42.08",2,"FM2"
"Intel Pentium G4500 @ 3.50GHz",166.67,2734,2135,51,"53.61",2,"FCLGA1151"
"Intel Celeron G4950 @ 3.30GHz",1008.66,2714,2041,54,"50.26",2,"FCLGA1151"
"AMD A8-5500B APU",49.04,2707,1393,65,"41.65",2,"FM2"
"Intel Celeron G5900T @ 3.20GHz",42,2648,2041,35,"75.64",2,"FCLGA1200"
"Intel Core2 Extreme X9770 @ 3.20GHz",1608.95,2632,1398,136,"19.35",4,"LGA775"
"Intel Core i5-680 @ 3.60GHz",309.19,2603,1550,73,"35.65",2,"LGA1156"
"Intel Pentium G4400 @ 3.30GHz",97.41,2599,2024,54,"48.13",2,"FCLGA1151"
"Intel Core i5-760 @ 2.80GHz",265,2599,1309,95,"27.36",4,"LGA1156"
"AMD A8-5500 APU",58.95,2577,1334,65,"39.65",2,"FM2"
"Intel Celeron G4930 @ 3.20GHz",107.41,2571,1999,54,"47.61",2,"FCLGA1151-2"
"AMD Phenom II X4 965",74.02,2546,1357,125,"20.37",4,"AM3"
"Intel Core i5-670 @ 3.47GHz",291,2511,1542,73,"34.4",2,"LGA1156"
"AMD Phenom II X4 B97",79.95,2498,1326,95,"26.3",4,"AM2+/AM3"
"Intel Core i5-750 @ 2.67GHz",200,2495,1242,95,"26.27",4,"LGA1156"
"Intel Celeron G5920 @ 3.50GHz",61.99,2482,2151,58,"42.79",2,"FCLGA1200"
"Intel Core i3-3245 @ 3.40GHz",149,2480,1835,55,"45.09",2,"LGA1155"
"Intel Core i5-661 @ 3.33GHz",200.19,2462,1455,87,"28.3",2,"LGA1156"
"Intel Core2 Extreme X9650 @ 3.00GHz",859.99,2455,1288,130,"18.89",4,"LGA775"
"Intel Celeron G4900 @ 3.10GHz",105.95,2448,1914,54,"45.34",2,"FCLGA1151-2"
"AMD Phenom II X4 955",176.18,2432,1304,125,"19.46",4,"AM3"
"Intel Pentium G3470 @ 3.60GHz",64.88,2428,2089,53,"45.82",2,"LGA1150"
"Intel Core i7-860S @ 2.53GHz",160,2424,1314,82,"29.56",4,"LGA1156"
"Intel Core2 Quad Q9650 @ 3.00GHz",54.99,2411,1292,95,"25.38",4,"LGA775"
"Intel Celeron G4920 @ 3.20GHz",212.73,2406,1965,54,"44.56",2,"FCLGA1151-2"
"Intel Celeron G4900T @ 2.90GHz",77.95,2403,1789,35,"68.65",2,"FCLGA1151-2"
"Intel Core i3-3250 @ 3.50GHz",82.9,2401,1830,55,"43.65",2,"LGA1155"
"Intel Celeron G3950 @ 3.00GHz",143,2369,1811,51,"46.45",2,"FCLGA1151"
"Intel Core i5-2390T @ 2.70GHz",99.9,2364,1394,35,"67.53",2,"LGA1155"
"Intel Core i5-660 @ 3.33GHz",69,2352,1435,73,"32.21",2,"LGA1156"
"AMD A8-3870K APU",68.04,2336,1236,100,"23.36",4,"FM1"
"AMD Phenom II X4 B95",62.02,2329,1238,95,"24.52",4,"AM3"
"AMD A10-6700T APU",147.61,2311,1310,45,"51.36",2,"FM2"
"Intel Celeron G3920 @ 2.90GHz",1018,2310,1740,51,"45.3",2,"FCLGA1151"
"Intel Celeron G5905T @ 3.30GHz",42,2310,1996,35,"66.01",2,"FCLGA1200"
"Intel Core2 Quad Q9550 @ 2.83GHz",32.95,2291,1223,95,"24.11",4,"LGA775"
"Intel Core i3-3240 @ 3.40GHz",42.17,2287,1805,55,"41.57",2,"LGA1155"
"Intel Celeron G3930 @ 2.90GHz",179.88,2270,1794,51,"44.51",2,"FCLGA1151"
"Intel Core2 Extreme Q6850 @ 3.00GHz",1495.95,2268,1230,130,"17.44",4,"LGA775"
"Intel Core2 Extreme Q6800 @ 2.93GHz",1125,2267,1202,75,"30.23",4,"LGA775"
"AMD A8-3850 APU",68.02,2244,1207,100,"22.44",4,"FM1"
"Intel Celeron J3455 @ 1.50GHz",349,2237,806,10,"223.66",4,"FCBGA1296"
"AMD Phenom II X4 940",870,2228,1210,125,"17.83",4,"AM2+"
"Intel Core i3-3225 @ 3.30GHz",200,2222,1688,55,"40.4",2,"LGA1155"
"Intel Celeron G3930TE @ 2.70GHz",42,2218,1706,35,"63.38",2,"FCLGA1151"
"Intel Core i5-650 @ 3.20GHz",33.98,2215,1386,73,"30.34",2,"LGA1156"
"Intel Celeron G3900 @ 2.80GHz",77.95,2212,1718,51,"43.38",2,"FCLGA1151"
"Intel Celeron G4930T @ 3.00GHz",42,2209,1742,35,"63.12",2,"FCLGA1151"
"Intel Core i3-3220 @ 3.30GHz",39.94,2203,1725,55,"40.05",2,"LGA1155"
"Intel Core2 Quad Q9500 @ 2.83GHz",49.01,2192,1217,95,"23.08",4,"LGA775"
"AMD Athlon II X4 638 Quad-Core",62.85,2183,1165,65,"33.58",4,"FM1"
"AMD A8-3820 APU",44.95,2165,1144,65,"33.3",4,"FM1"
"Intel Pentium G3460 @ 3.50GHz",65.41,2165,1954,53,"40.84",2,"LGA1150"
"Intel Pentium G3440 @ 3.30GHz",59,2129,1895,53,"40.18",2,"LGA1150"
"Intel Pentium G3430 @ 3.30GHz",57.99,2125,1915,54,"39.34",2,"FCLGA1150"
"Intel Core i3-3210 @ 3.20GHz",70,2112,1695,55,"38.4",2,"LGA1155"
"Intel Celeron G3930T @ 2.70GHz",97.17,2109,1650,35,"60.26",2,"FCLGA1151"
"Intel Core2 Quad Q9450 @ 2.66GHz",35.7,2109,1126,95,"22.2",4,"LGA775"
"AMD Phenom II X4 820",69.95,2103,1138,95,"22.14",4,"AM3"
"AMD Athlon II X4 630",48.04,2093,1138,95,"22.04",4,"AM3"
"Intel Core i3-2125 @ 3.30GHz",152,2093,1550,65,"32.19",2,"LGA1155"
"Intel Pentium G2140 @ 3.30GHz",45,2092,1842,55,"38.03",2,"LGA1155"
"Intel Pentium G3258 @ 3.20GHz",32.66,2091,1863,53,"39.45",2,"FCLGA1150"
"Intel Pentium G3450 @ 3.40GHz",57.97,2091,1836,53,"39.44",2,"FCLGA1150"
"Intel Celeron G3900T @ 2.60GHz",112.46,2085,1549,35,"59.58",2,"unknown"
"Intel Core2 Quad Q9400 @ 2.66GHz",38.01,2068,1141,95,"21.77",4,"LGA775"
"Intel Core2 Quad Q6700 @ 2.66GHz",99.95,2062,1077,105,"19.64",4,"LGA775"
"AMD A6-3670 APU",176.59,2055,1129,100,"20.55",4,"FM1"
"Intel Pentium G3260 @ 3.30GHz",59.97,2049,1867,53,"38.65",2,"LGA1150"
"AMD Phenom II X4 910e",69.9,2044,1076,65,"31.44",4,"AM3"
"AMD A6-3650 APU",128,2037,1096,100,"20.37",4,"FM1"
"Intel Core2 Quad Q8400 @ 2.66GHz",128.88,2036,1154,95,"21.44",4,"LGA775"
"Intel Core i3-2102 @ 3.10GHz",58,2029,1400,65,"31.21",2,"FCLGA1155"
"Intel Core2 Quad Q9505 @ 2.83GHz",190,2020,1190,95,"21.26",4,"LGA775"
"Intel Core i5-655K @ 3.20GHz",77.99,2017,1446,73,"27.63",2,"LGA1156"
"Intel Pentium G3420 @ 3.20GHz",49.95,1990,1805,54,"36.86",2,"FCLGA1150"
"AMD Athlon X4 750 Quad Core",94.75,1986,1338,65,"30.55",4,"FM2"
"Intel Core i3-2130 @ 3.40GHz",67.15,1986,1557,65,"30.55",2,"LGA1155"
"AMD Athlon II X4 615e",59,1967,1037,45,"43.71",4,"AM3"
"Intel Core2 Quad Q9300 @ 2.50GHz",68.02,1962,1087,95,"20.65",4,"LGA775"
"Intel Core i3-3220T @ 2.80GHz",39.99,1949,1506,35,"55.7",2,"LGA1155"
"AMD A8-3800 APU",109.95,1939,1064,65,"29.83",4,"FM1"
"AMD Athlon II X4 620",54.95,1934,1054,95,"20.36",4,"AM3"
"AMD A6-7480",37.42,1931,1638,65,"29.71",2,"FM2+"
"Intel Pentium G3250 @ 3.20GHz",75,1928,1811,53,"36.37",2,"LGA1150"
"Intel Celeron G1850 @ 2.90GHz",39.99,1926,1695,54,"35.67",2,"FCLGA1150"
"AMD Athlon 5370 APU",598.68,1923,755,25,"76.92",4,"AM1,FS1B"
"Intel Pentium G3240 @ 3.10GHz",116.99,1919,1749,53,"36.21",2,"FCLGA1150"
"Intel Pentium G3420T @ 2.70GHz",159.99,1912,1570,35,"54.61",2,"LGA1150"
"AMD Phenom II X4 905e",53.99,1895,1029,65,"29.16",4,"AM3"
"Intel Pentium G2130 @ 3.20GHz",43.64,1895,1745,55,"34.46",2,"FCLGA1155"
"AMD Phenom 9950 Quad-Core",97.04,1892,1041,125,"15.13",4,"AM2+"
"AMD PRO A6-9500",74,1875,1618,65,"28.85",2,"AM4"
"Intel Core i3-2105 @ 3.10GHz",113,1871,1387,65,"28.78",2,"LGA1155"
"Intel Pentium G2120 @ 3.10GHz",74.99,1870,1708,55,"34",2,"FCLGA1155"
"AMD A6-9500",75.42,1864,1618,65,"28.68",2,"AM4"
"AMD Phenom II X4 810",213,1849,1018,95,"19.46",4,"AM3"
"Intel Pentium G3220 @ 3.00GHz",64.8,1849,1695,54,"34.24",2,"FCLGA1150"
"AMD Phenom II X4 805",173.99,1844,999,95,"19.42",4,"AM3"
"AMD A6-9500E",74.45,1841,1478,35,"52.59",2,"AM4"
"AMD Athlon II X3 455",39.99,1832,1343,95,"19.29",3,"AM3"
"Intel Core i3-2100 @ 3.10GHz",116.19,1819,1426,65,"27.98",2,"LGA1155"
"AMD A8-6500T APU",59.95,1816,1048,45,"40.35",2,"FM2"
"Intel Core2 Quad Q8300 @ 2.50GHz",34.3,1814,1059,95,"19.1",4,"LGA775"
"AMD Phenom 9750 Quad-Core",48.02,1804,942,125,"14.43",4,"AM2+"
"AMD A6-7470K",35.22,1799,1576,65,"27.68",1,"FM2+"
"Intel Core2 Quad Q8200 @ 2.33GHz",63.99,1797,1014,95,"18.92",4,"LGA775"
"Intel Core2 Quad Q6600 @ 2.40GHz",95.6,1778,958,105,"16.93",4,"LGA775"
"AMD Phenom II X4 910",100,1776,988,95,"18.7",4,"AM3"
"Intel Celeron G1840 @ 2.80GHz",69,1758,1612,53,"33.17",2,"FCLGA1150"
"Intel Pentium G3260T @ 2.90GHz",49.99,1755,1568,35,"50.13",2,"LGA1150"
"AMD Athlon 5350 APU",129,1737,698,25,"69.48",4,"AM1,FS1B"
"AMD Phenom 9600B Quad-Core",39.95,1736,937,95,"18.27",4,"AM2+"
"Intel Pentium G3250T @ 2.80GHz",49.99,1726,1568,35,"49.3",2,"LGA1150"
"Intel Celeron G1630 @ 2.80GHz",69.99,1707,1553,55,"31.04",2,"FCLGA1155"
"AMD Phenom 9650 Quad-Core",39.99,1699,924,95,"17.89",4,"AM2+"
"Intel Core i3-560 @ 3.33GHz",36.97,1696,1379,73,"23.23",2,"LGA1156"
"Intel Pentium G2020 @ 2.90GHz",50,1684,1566,55,"30.61",2,"FCLGA1155"
"AMD Phenom 9850 Quad-Core",129.99,1680,925,125,"13.44",4,"AM2+"
"AMD Athlon II X3 435",159.95,1670,1188,95,"17.58",3,"AM3"
"Intel Celeron G1820 @ 2.70GHz",62.3,1670,1520,53,"31.51",2,"FCLGA1150"
"AMD PRO A6-9500E",74,1662,1493,35,"47.5",2,"AM4"
"Intel Core i3-2100T @ 2.50GHz",49.13,1634,1183,35,"46.69",2,"LGA1155"
"AMD Phenom 9600 Quad-Core",39.95,1619,904,95,"17.04",4,"AM2+"
"Intel Celeron G1820T @ 2.40GHz",42,1614,1396,35,"46.11",2,"LGA1150"
"AMD A6-7400K APU",69.99,1587,1422,65,"24.42",2,"FM2+"
"Intel Celeron J4005 @ 2.00GHz",168.75,1581,1119,10,"158.14",2,"FCBGA1090"
"AMD Athlon II X3 425",58.34,1576,1105,95,"16.59",3,"AM3"
"Intel Pentium G3220T @ 2.60GHz",69.95,1564,1447,35,"44.68",2,"LGA1150"
"AMD A4-6320 APU",69.99,1563,1550,65,"24.05",1,"FM2"
"AMD Phenom II X3 B75",49.95,1560,1161,95,"16.42",3,"AM3"
"Intel Celeron G1830 @ 2.80GHz",89,1560,1513,53,"29.44",2,"LGA1150"
"AMD Athlon II X3 420e",116.15,1557,1058,45,"34.6",3,"AM3"
"AMD Phenom II X3 710",169,1554,1069,95,"16.36",3,"AM3"
"AMD Phenom II X3 B73",75,1538,1056,95,"16.19",3,"AM3"
"AMD A6-6420K APU",149.99,1538,1557,65,"23.67",2,"FM2"
"Intel Pentium G2030T @ 2.60GHz",130.5,1535,1441,35,"43.85",2,"LGA1155"
"Intel Core i3-540 @ 3.07GHz",179.95,1516,1264,73,"20.77",2,"LGA1156"
"Intel Celeron G1620T @ 2.40GHz",42,1507,1321,35,"43.05",2,"LGA1155"
"AMD Phenom 9350e Quad-Core",3382.07,1501,792,65,"23.1",4,"AM2+"
"Intel Pentium G870 @ 3.10GHz",77,1495,1464,65,"22.99",2,"FCLGA1155"
"Intel Core i3-2120T @ 2.60GHz",133.89,1486,1144,35,"42.47",2,"LGA1155"
"Intel Celeron G1610 @ 2.60GHz",37,1478,1359,55,"26.88",2,"FCLGA1155"
"AMD Phenom II X3 720",64.45,1466,1081,95,"15.43",3,"AM3"
"Intel Celeron G1620 @ 2.70GHz",70.27,1466,1407,55,"26.65",2,"FCLGA1155"
"AMD Phenom 9450e Quad-Core",105,1455,841,65,"22.39",4,"AM2+"
"Intel Core i3-530 @ 2.93GHz",115.19,1449,1176,73,"19.85",2,"LGA1156"
"AMD Athlon II X3 415e",75,1441,1028,45,"32.02",3,"AM3"
"AMD Phenom 9150e Quad-Core",247.5,1414,721,65,"21.75",4,"AM2+"
"AMD Phenom II X2 565",168.87,1405,1413,80,"17.57",2,"AM2+/AM3"
"Intel Pentium G6951 @ 2.80GHz",75,1401,1137,73,"19.19",2,"LGA1156"
"AMD Athlon 5150 APU",98.86,1389,550,25,"55.57",4,"AM1,FS1b"
"AMD A6-3500 APU",74.93,1382,958,65,"21.25",3,"FM1"
"Intel Pentium G850 @ 2.90GHz",101.97,1373,1339,65,"21.13",2,"FCLGA1155"
"Intel Core2 Duo E8600 @ 3.33GHz",149.95,1362,1413,65,"20.96",2,"LGA775"
"Intel Pentium G645 @ 2.90GHz",93.35,1353,1303,65,"20.82",2,"LGA1155"
"Intel Pentium G2020T @ 2.50GHz",47.6,1337,1252,35,"38.19",2,"FCLGA1155"
"AMD Athlon II X3 405e",112.9,1331,973,45,"29.58",3,"AM3"
"Intel Core i5 750S @ 2.40GHz",210.19,1326,1039,82,"16.17",4,"LGA1156"
"AMD Phenom II X2 555",36.96,1308,1315,80,"16.35",2,"AM2+/AM3"
"AMD Phenom 9100e Quad-Core",34.95,1279,734,65,"19.67",4,"AM2+"
"AMD A6-5400K APU",52.02,1279,1271,65,"19.68",1,"FM2"
"AMD Sempron 240",36.1,1278,1300,65,"19.66",2,"FM2"
"Intel Pentium G640 @ 2.80GHz",30,1270,1290,65,"19.54",2,"LGA1155"
"Intel Celeron G555 @ 2.70GHz",39.99,1268,1275,65,"19.51",2,"LGA1155"
"Intel Core2 Duo E8500 @ 3.16GHz",129.95,1238,1324,65,"19.05",2,"LGA775"
"AMD A4-4020 APU",91,1225,1238,65,"18.85",2,"FM2"
"AMD Phenom II X3 705e",152.34,1222,962,65,"18.81",3,"AM3"
"AMD Phenom 8600 Triple-Core",52.99,1210,898,95,"12.74",3,"AM2+"
"Intel Celeron G550 @ 2.60GHz",49,1200,1192,65,"18.46",2,"LGA1155"
"AMD Athlon II X2 B28",39.02,1177,1347,65,"18.11",2,"AM3"
"Intel Pentium G840 @ 2.80GHz",84.53,1175,1252,65,"18.08",2,"FCLGA1155"
"AMD Phenom II X2 550",41.91,1169,1240,80,"14.61",2,"AM2+/AM3"
"Intel Core2 Duo E8400 @ 3.00GHz",140,1169,1242,65,"17.98",2,"LGA775"
"Intel Pentium E5800 @ 3.20GHz",139.95,1165,1314,65,"17.93",2,"LGA775"
"Intel Core2 Duo E7600 @ 3.06GHz",119.95,1161,1275,65,"17.85",2,"LGA775"
"AMD Athlon II X2 250e",76.73,1155,1201,45,"25.67",2,"AM3"
"AMD Sempron 3850 APU",47.58,1153,448,25,"46.1",4,"AM1,FS1b"
"Intel Pentium E6700 @ 3.20GHz",140.19,1152,1314,65,"17.72",2,"LGA775"
"AMD Phenom II X2 B55",37.95,1151,1244,80,"14.39",2,"AM3"
"Intel Core2 Duo E6850 @ 3.00GHz",51.2,1140,1196,65,"17.53",2,"LGA775"
"Intel Pentium G640T @ 2.40GHz",84.88,1139,1102,35,"32.54",2,"LGA1155"
"AMD Athlon II X2 260",39.99,1113,1249,65,"17.12",2,"AM3"
"AMD Phenom II X2 545",43.98,1107,1083,80,"13.84",2,"AM2+/AM3"
"Intel Celeron G530 @ 2.40GHz",48.99,1096,1078,65,"16.86",2,"LGA1155"
"AMD A4-3420 APU",136,1094,1150,65,"16.83",2,"FM1"
"Intel Core2 Duo E7500 @ 2.93GHz",99.63,1090,1198,65,"16.76",2,"LGA775"
"AMD Phenom 8250e Triple-Core",46.99,1084,729,65,"16.68",3,"940"
"AMD Athlon II X2 250",38.95,1083,1155,65,"16.66",2,"AM3"
"Intel Pentium E6500 @ 2.93GHz",95.71,1073,1210,65,"16.51",2,"LGA775"
"Intel Core2 Duo E8200 @ 2.66GHz",75.99,1064,1126,65,"16.36",2,"LGA775"
"Intel Pentium G6950 @ 2.80GHz",79,1061,1035,73,"14.53",2,"LGA1156"
"AMD Athlon II X2 235e",97.5,1049,1107,45,"23.3",2,"AM3"
"AMD Athlon 7850 Dual-Core",99.99,1037,1110,95,"10.91",2,"AM2+"
"Intel Pentium G630T @ 2.30GHz",84.07,1029,1040,35,"29.4",2,"LGA1155"
"AMD Athlon II X2 220",59.95,1024,1105,65,"15.75",2,"AM3"
"Intel Pentium E5700 @ 3.00GHz",49.99,1017,1169,65,"15.65",2,"LGA775"
"Intel Pentium E6300 @ 2.80GHz",41.85,1000,1129,65,"15.38",2,"LGA775"
"AMD Athlon II X2 240e",37.89,980,1092,45,"21.77",2,"AM3"
"AMD Athlon 64 FX-74",499.5,972,617,125,"7.78",2,"F (1207)"
"AMD A4-3300 APU",56.61,971,1026,65,"14.93",2,"FM1"
"AMD Athlon 64 X2 Dual Core 6400+",249.95,967,1142,125,"7.74",2,"AM2"
"Intel Core2 Duo E7300 @ 2.66GHz",33.07,964,1097,65,"14.83",2,"LGA775"
"AMD Athlon 7750 Dual-Core",79.99,951,1034,95,"10.01",2,"AM2+"
"Intel Core2 Duo E7200 @ 2.53GHz",47,947,1068,65,"14.56",2,"LGA775"
"AMD Athlon 64 FX-62 Dual Core",375,943,1000,125,"7.54",2,"AM2"
"Intel Pentium E5400 @ 2.70GHz",92.76,936,1074,65,"14.4",2,"LGA775"
"AMD Athlon 64 X2 Dual Core 5600+",107.21,923,1027,89,"10.37",2,"AM2"
"AMD Athlon 64 X2 Dual Core 6000+",38.5,919,1022,89,"10.33",2,"AM2"
"AMD Athlon 64 X2 Dual Core 5400+",52.99,910,1010,65,"13.99",2,"AM2"
"Intel Pentium E5300 @ 2.60GHz",59.49,906,1032,65,"13.93",2,"LGA775"
"Intel Core2 Duo E6600 @ 2.40GHz",35.09,901,953,65,"13.86",2,"PLGA775"
"AMD Athlon 5200 Dual-Core",89,869,915,75,"11.59",2,"AM2"
"Intel Pentium E5200 @ 2.50GHz",49.94,867,1006,65,"13.33",2,"LGA775"
"Intel Celeron E3300 @ 2.50GHz",64.78,837,1042,65,"12.87",2,"LGA775"
"AMD Athlon Dual Core 5000B",95,835,935,65,"12.84",2,"AM2"
"AMD Athlon 5000 Dual-Core",109.95,835,892,65,"12.84",2,"AM2,AM2+"
"Intel Core2 Duo E4600 @ 2.40GHz",157.95,829,925,65,"12.76",2,"LGA775"
"Intel Core2 Extreme X6800 @ 2.93GHz",263.64,823,973,75,"10.98",2,"PLGA775"
"AMD Athlon 64 X2 Dual Core 5200+",60,812,915,65,"12.5",2,"AM2"
"Intel Pentium E2220 @ 2.40GHz",55,793,892,65,"12.21",2,"LGA775"
"AMD Athlon 64 X2 Dual Core 5000+",331.49,760,882,65,"11.69",2,"AM2"
"Intel Pentium E2200 @ 2.20GHz",54,752,841,65,"11.57",2,"LGA775"
"AMD Athlon Dual Core 5050e",60,748,875,45,"16.61",2,"AM2"
"AMD Athlon Dual Core 4850e",39,735,879,45,"16.33",2,"AM2"
"AMD Athlon 64 X2 Dual Core 4800+",149.95,722,885,65,"11.11",2,"AM2"
"AMD Athlon 64 X2 Dual Core 4600+",349.95,716,839,65,"11.02",2,"AM2"
"Intel Core2 Duo E6420 @ 2.13GHz",39.99,714,783,65,"10.99",2,"PLGA775"
"AMD Athlon 64 X2 Dual Core 4400+",298.95,691,787,65,"10.63",2,"AM2"
"Intel Celeron G470 @ 2.00GHz",35.15,691,937,35,"19.75",1,"LGA1155"
"AMD Athlon Dual Core 4450B",31,684,780,45,"15.19",2,"AM2+"
"AMD Athlon II X2 270u",67.67,675,791,25,"27.02",2,"AM3"
"AMD Athlon 64 X2 Dual Core 4200+",109.95,672,786,89,"7.56",2,"AM2"
"AMD Athlon II X2 260u",83.44,663,703,25,"26.5",2,"AM3"
"Intel Pentium E2160 @ 1.80GHz",89,636,683,65,"9.78",2,"LGA775"
"Intel Core2 Duo E4400 @ 2.00GHz",42.5,632,753,65,"9.73",2,"LGA775"
"Intel Core2 Duo E6320 @ 1.86GHz",39.99,597,642,65,"9.18",2,"PLGA775"
"AMD Athlon 64 X2 Dual Core 3600+",68.25,596,686,65,"9.17",2,"AM2"
"Intel Core2 Duo E6300 @ 1.86GHz",127.61,592,693,65,"9.11",2,"LGA775, PLGA775"
"AMD Athlon X2 Dual Core BE-2300",60,570,644,45,"12.67",2,"AM2"
"AMD Sempron 2650 APU",84.97,561,475,25,"22.42",2,"AM1,FSB1"
"Intel Core2 Duo E4300 @ 1.80GHz",42.5,561,665,65,"8.64",2,"LGA775"
"Intel Pentium E2140 @ 1.60GHz",79.95,549,605,65,"8.45",2,"LGA775, PLGA775"
"AMD Sempron 145",35.99,505,989,45,"11.23",1,"AM3"
"Intel Celeron G460 @ 1.80GHz",55,494,720,35,"14.13",1,"LGA1155"
"Intel Celeron E1200 @ 1.60GHz",99.95,492,628,65,"7.58",2,"LGA775"
"Intel Celeron G465 @ 1.90GHz",40,480,739,35,"13.71",1,"LGA1155"
"Intel Pentium Extreme Edition 955 @ 3.46GHz",31.23,469,515,130,"3.61",2,"PLGA775"
"Intel Celeron 450 @ 2.20GHz",38.99,445,613,35,"12.71",1,"LGA775"
"AMD Athlon LE-1640",89.95,430,489,45,"9.55",1,"AM2"
"Intel Celeron G440 @ 1.60GHz",100,426,739,35,"12.17",1,"LGA1155"
"AMD Athlon 1640B",50,412,462,45,"9.14",1,"AM2"
"AMD Athlon 64 FX-55",65,404,505,104,"3.89",1,"939"
"Intel Atom D510 @ 1.66GHz",97.16,404,292,13,"31.11",2,"BGA559"
"AMD Athlon 64 3700+",89.95,394,435,89,"4.42",1,"939"
"Intel Atom E3825 @ 1.33GHz",70.32,385,370,6,"64.14",2,"FCBGA1170"
"Intel Celeron 440 @ 2.00GHz",49.99,368,444,35,"10.52",1,"LGA775"
"AMD Sempron LE-1100",34.95,315,509,45,"7.01",1,"AM2"
"AMD Sempron LE-1250",99.99,301,508,45,"6.68",1,"AM2"
"AMD Sempron 3100+",65,298,383,62,"4.8",1,"754"
"Intel Celeron 430 @ 1.80GHz",49.99,293,630,35,"8.37",1,"LGA775"
"AMD Sempron 3400+",86.68,292,346,62,"4.71",1,"AM2"
"AMD Sempron 3200+",124.68,288,356,62,"4.65",1,"AM2"
"AMD Sempron 3000+",34.95,268,333,62,"4.32",1,"AM2"
"AMD Athlon XP 3000+",79.7,262,396,62,"4.22",1,"Socket A"
"Intel Celeron 420 @ 1.60GHz",49.95,235,471,35,"6.72",1,"LGA775"
"Intel Atom D425 @ 1.80GHz",992.98,222,320,10,"22.2",1,"BGA559"
"AMD Athlon XP 1800+",50.95,195,301,66,"2.96",1,"Socket A"
"AMD Athlon XP 2000+",58.99,195,311,70,"2.79",1,"Socket A"
"Intel Atom D410 @ 1.66GHz",635.99,177,254,10,"17.7",1,"BGA559"
"AMD Athlon XP 1700+",51.25,176,272,64,"2.75",1,"Socket A (462)"
"Intel Atom E3815 @ 1.46GHz",135,159,238,5,"31.7",1,"FCBGA1170"
