antecedents,consequents,support,confidence,lift
RAM:Kingston Fury Beast 16GB DDR5,Motherboard:ASUS Prime B760M-A WiFi,0.0101,0.39763779527559057,7.4884707208209145
RAM:Kingston Fury Beast 64GB DDR5,Motherboard:Gigabyte Z790 Gaming X AX,0.0289,0.5515267175572519,6.060733159969802
Motherboard:Gigabyte Z790 Gaming X AX,RAM:Kingston Fury Beast 64GB DDR5,0.0289,0.31758241758241756,6.060733159969801
RAM:Kingston Fury Beast 64GB DDR4,PSU:Cooler Master MWE 650 Bronze V2,0.0127,0.32987012987012987,5.880037965599463
PSU:Cooler Master MWE 650 Bronze V2,RAM:Kingston Fury Beast 64GB DDR4,0.0127,0.22638146167557932,5.880037965599463
RAM:Corsair Vengeance 32GB DDR5,Motherboard:ASUS Prime B760M-A WiFi,0.014,0.2702702702702703,5.089835598310175
Motherboard:ASUS Prime B760M-A WiFi,RAM:Corsair Vengeance 32GB DDR5,0.014,0.263653483992467,5.089835598310175
RAM:G.Skill Flare X5 32GB DDR5,Motherboard:MSI PRO B760M-A WiFi DDR5,0.0182,0.32269503546099293,4.979861658348657
Motherboard:MSI PRO B760M-A WiFi DDR5,RAM:G.Skill Flare X5 32GB DDR5,0.0182,0.2808641975308642,4.979861658348656
RAM:Corsair Vengeance 32GB DDR5,Motherboard:MSI PRO B760M-A WiFi DDR5,0.0164,0.31660231660231664,4.8858382191715535
Motherboard:MSI PRO B760M-A WiFi DDR5,RAM:Corsair Vengeance 32GB DDR5,0.0164,0.25308641975308643,4.885838219171553
RAM:G.Skill Flare X5 32GB DDR5,Motherboard:Gigabyte Z790 Gaming X AX,0.0248,0.43971631205673756,4.832047385238875
Motherboard:Gigabyte Z790 Gaming X AX,RAM:G.Skill Flare X5 32GB DDR5,0.0248,0.2725274725274725,4.832047385238874
RAM:Kingston Fury Beast 64GB DDR5,Motherboard:MSI PRO B760M-A WiFi DDR5,0.016,0.3053435114503817,4.712091226086137
Motherboard:MSI PRO B760M-A WiFi DDR5,RAM:Kingston Fury Beast 64GB DDR5,0.016,0.2469135802469136,4.712091226086137
RAM:Corsair Vengeance 32GB DDR5,Motherboard:Gigabyte Z790 Gaming X AX,0.0214,0.41312741312741313,4.539861682718826
Motherboard:Gigabyte Z790 Gaming X AX,RAM:Corsair Vengeance 32GB DDR5,0.0214,0.23516483516483516,4.539861682718826
Motherboard:ASUS Prime B760M-A WiFi,RAM:G.Skill Flare X5 32GB DDR5,0.0134,0.2523540489642185,4.474362570287562
RAM:G.Skill Flare X5 32GB DDR5,Motherboard:ASUS Prime B760M-A WiFi,0.0134,0.2375886524822695,4.474362570287561
RAM:Kingston Fury Beast 64GB DDR5,PSU:Cooler Master MWE 650 Bronze V2,0.0124,0.23664122137404578,4.218203589555183
PSU:Cooler Master MWE 650 Bronze V2,RAM:Kingston Fury Beast 64GB DDR5,0.0124,0.22103386809269163,4.218203589555183
GPU:GeForce RTX 3070 Ti,Motherboard:Gigabyte Z790 Gaming X AX,0.0101,0.31761006289308175,3.4902204713525466
RAM:Kingston Fury Beast 16GB DDR4 | Storage:Kingston NV2 500GB NVMe SSD,GPU:Radeon RX 6500 XT,0.0174,0.26443768996960487,3.3945788186085353
GPU:Radeon RX 6500 XT,RAM:Kingston Fury Beast 16GB DDR4 | Storage:Kingston NV2 500GB NVMe SSD,0.0174,0.22336328626444157,3.394578818608535
GPU:Radeon RX 6800 XT,Storage:Crucial P3 Plus 2TB NVMe SSD,0.0101,0.3726937269372694,3.2492914292700035
GPU:Radeon RX 6800 XT,Storage:Samsung 990 Pro 2TB NVMe SSD,0.0103,0.3800738007380074,3.1805338973891835
GPU:GeForce RTX 3080 Ti,Storage:Crucial P3 Plus 2TB NVMe SSD,0.0105,0.3595890410958904,3.1350395910714073
PSU:Corsair CV550 | Storage:Samsung 990 Pro 2TB NVMe SSD,GPU:GeForce RTX 3060 Ti,0.0124,0.2767857142857143,3.1204702850700596
GPU:Radeon RX 6900 XT,Storage:Crucial P3 Plus 2TB NVMe SSD,0.0108,0.35409836065573774,3.0871696656995447
RAM:Corsair Vengeance LPX 16GB DDR4 | Storage:Kingston NV2 500GB NVMe SSD,GPU:Radeon RX 6500 XT,0.0162,0.23929098966026588,3.071771369194684
GPU:Radeon RX 6500 XT,RAM:Corsair Vengeance LPX 16GB DDR4 | Storage:Kingston NV2 500GB NVMe SSD,0.0162,0.2079589216944801,3.071771369194684
PSU:Corsair CV550 | Storage:Crucial P3 Plus 2TB NVMe SSD,GPU:GeForce RTX 3060 Ti,0.0109,0.2718204488778055,3.064492095578416
GPU:GeForce RTX 3080,Motherboard:Gigabyte Z790 Gaming X AX,0.01,0.2777777777777778,3.0525030525030528
PSU:Corsair CV550 | Storage:Crucial P3 Plus 2TB NVMe SSD,GPU:GeForce RTX 3070,0.0105,0.26184538653366585,3.0166519185906204
GPU:GeForce RTX 3080,Storage:Crucial P3 Plus 2TB NVMe SSD,0.0124,0.34444444444444444,3.0030030030030033
PSU:Corsair RM750e,Storage:Crucial P3 Plus 2TB NVMe SSD,0.0137,0.33743842364532023,2.9419217405869245
GPU:Radeon RX 6900 XT,Storage:Samsung 990 Pro 2TB NVMe SSD,0.0107,0.3508196721311475,2.935729473900816
RAM:Kingston Fury Beast 64GB DDR4,Storage:Crucial P3 Plus 2TB NVMe SSD,0.0129,0.33506493506493507,2.9212287276803406
PSU:Corsair RM750e,Motherboard:Gigabyte Z790 Gaming X AX,0.0107,0.26354679802955666,2.896118659665458
RAM:Kingston Fury Beast 64GB DDR4,Motherboard:ASUS TUF Gaming B550-PLUS WiFi II,0.0195,0.5064935064935066,2.8583154993990214
GPU:GeForce RTX 3070 Ti,Storage:Samsung 990 Pro 2TB NVMe SSD,0.0107,0.33647798742138363,2.8157153759111604
CPU:AMD Ryzen 9 3900XT,Motherboard:ASUS TUF Gaming B550-PLUS WiFi II,0.0117,0.4814814814814815,2.7171641167126497
Motherboard:MSI B550M PRO-VDH WiFi | RAM:Kingston Fury Beast 16GB DDR4,GPU:Radeon RX 6500 XT,0.0103,0.2110655737704918,2.709442538773964
PSU:Cooler Master MWE 650 Bronze V2,Storage:Samsung 990 Pro 2TB NVMe SSD,0.018,0.32085561497326204,2.684984225717674
GPU:Radeon RX 6500 XT | RAM:Kingston Fury Beast 16GB DDR4,Storage:Kingston NV2 500GB NVMe SSD,0.0174,0.4915254237288135,2.672786425931558
GPU:Radeon RX 6500 XT,PSU:Corsair CV550 | Storage:Kingston NV2 500GB NVMe SSD,0.03,0.3851091142490372,2.644980180281849
PSU:Corsair CV550 | Storage:Kingston NV2 500GB NVMe SSD,GPU:Radeon RX 6500 XT,0.03,0.20604395604395603,2.644980180281849
PSU:Corsair RM750e,Storage:Samsung 990 Pro 2TB NVMe SSD,0.0128,0.3152709359605912,2.6382505101304705
Motherboard:MSI B550M PRO-VDH WiFi | RAM:Corsair Vengeance LPX 16GB DDR4,GPU:Radeon RX 6500 XT,0.0103,0.20517928286852588,2.6338803962583555
GPU:GeForce RTX 3080,Storage:Samsung 990 Pro 2TB NVMe SSD,0.0113,0.3138888888888889,2.626685262668526
GPU:Radeon RX 6500 XT | PSU:Corsair CV550,Storage:Kingston NV2 500GB NVMe SSD,0.03,0.47393364928909953,2.5771269673142987
GPU:Radeon RX 6500 XT,Storage:Kingston NV2 500GB NVMe SSD,0.0366,0.46983311938382544,2.5548293604340695
RAM:Kingston Fury Beast 64GB DDR4,Storage:Samsung 990 Pro 2TB NVMe SSD,0.0117,0.3038961038961039,2.5430636309297396
PSU:Cooler Master MWE 650 Bronze V2,Motherboard:Gigabyte Z790 Gaming X AX,0.0129,0.22994652406417113,2.5268848798260564
RAM:Kingston Fury Beast 64GB DDR5,Storage:Samsung 990 Pro 2TB NVMe SSD,0.0158,0.3015267175572519,2.5232361301862087
GPU:Radeon RX 6500 XT | RAM:Corsair Vengeance LPX 16GB DDR4,Storage:Kingston NV2 500GB NVMe SSD,0.0162,0.4615384615384615,2.509725185092232
PSU:Cooler Master MWE 650 Bronze V2,Storage:Crucial P3 Plus 2TB NVMe SSD,0.016,0.28520499108734404,2.4865300007615
RAM:Kingston Fury Beast 16GB DDR4 | Storage:Kingston NV2 500GB NVMe SSD,GPU:GeForce GTX 1660 Super,0.0149,0.2264437689969605,2.4038616666344
RAM:Kingston Fury Beast 64GB DDR5,Storage:Crucial P3 Plus 2TB NVMe SSD,0.0143,0.2729007633587786,2.379256873223876
GPU:Radeon RX 6700 XT,PSU:Corsair CV550 | RAM:Corsair Vengeance LPX 32GB DDR4,0.014,0.25225225225225223,2.373022128431347
GPU:GeForce GTX 1660 Super | RAM:Kingston Fury Beast 16GB DDR4,Storage:Kingston NV2 500GB NVMe SSD,0.0149,0.4331395348837209,2.355299265273088
GPU:GeForce GTX 1650,Storage:Kingston NV2 500GB NVMe SSD,0.0193,0.42793791574279383,2.3270142237237295
GPU:GeForce GTX 1650 | PSU:Corsair CV550,Storage:Kingston NV2 500GB NVMe SSD,0.0151,0.4253521126760564,2.3129533043831234
RAM:Corsair Vengeance 32GB DDR5,Storage:Crucial P3 Plus 2TB NVMe SSD,0.0137,0.2644787644787645,2.305830553432995
GPU:GeForce GTX 1650,PSU:Corsair CV550 | Storage:Kingston NV2 500GB NVMe SSD,0.0151,0.3348115299334812,2.2995297385541287
RAM:G.Skill Flare X5 32GB DDR5,Storage:Samsung 990 Pro 2TB NVMe SSD,0.0154,0.2730496453900709,2.2849342710466187
GPU:Radeon RX 6500 XT | Motherboard:MSI B550M PRO-VDH WiFi,RAM:Kingston Fury Beast 16GB DDR4,0.0103,0.4881516587677725,2.2704728314780116
GPU:Radeon RX 6500 XT | Motherboard:MSI B550M PRO-VDH WiFi,RAM:Corsair Vengeance LPX 16GB DDR4,0.0103,0.4881516587677725,2.2158495631764525
GPU:GeForce GTX 1660 Super | RAM:Corsair Vengeance LPX 16GB DDR4,Storage:Kingston NV2 500GB NVMe SSD,0.014,0.4069767441860465,2.213032866699546
GPU:Radeon RX 6500 XT | Storage:Kingston NV2 500GB NVMe SSD,RAM:Kingston Fury Beast 16GB DDR4,0.0174,0.47540983606557374,2.2112085398398778
RAM:Corsair Vengeance LPX 16GB DDR4 | Storage:Kingston NV2 500GB NVMe SSD,GPU:GeForce GTX 1660 Super,0.014,0.206794682422452,2.1952726371810187
GPU:Radeon RX 6500 XT,PSU:Corsair CV550 | RAM:Kingston Fury Beast 16GB DDR4,0.0287,0.368421052631579,2.1671826625387
Motherboard:ASUS Prime B560M-A | RAM:Corsair Vengeance LPX 16GB DDR4,Storage:Kingston NV2 500GB NVMe SSD,0.0137,0.39255014326647564,2.134584792096115
GPU:GeForce GTX 1660 Super | PSU:Corsair CV550,Storage:Kingston NV2 500GB NVMe SSD,0.0291,0.39112903225806456,2.126857162904103
GPU:GeForce GTX 1660 Super,PSU:Corsair CV550 | Storage:Kingston NV2 500GB NVMe SSD,0.0291,0.3089171974522293,2.1216840484356405
Motherboard:Gigabyte Z790 Gaming X AX,Storage:Samsung 990 Pro 2TB NVMe SSD,0.023,0.25274725274725274,2.1150397719435374
GPU:Radeon RX 6500 XT,RAM:Kingston Fury Beast 16GB DDR4,0.0354,0.45442875481386397,2.113622115413321
GPU:GeForce RTX 2060 | RAM:Corsair Vengeance LPX 16GB DDR4,Storage:Kingston NV2 500GB NVMe SSD,0.013,0.38805970149253727,2.110166946669588
GPU:Radeon RX 6500 XT | PSU:Corsair CV550,RAM:Kingston Fury Beast 16GB DDR4,0.0287,0.4533965244865719,2.1088210441235904
GPU:GeForce GTX 1660 Super,Storage:Kingston NV2 500GB NVMe SSD,0.0365,0.38747346072186833,2.106979123011791
GPU:Radeon RX 6500 XT,PSU:Corsair CV550 | RAM:Corsair Vengeance LPX 16GB DDR4,0.0285,0.3658536585365854,2.1050268040079714
GPU:Radeon RX 6700 XT | PSU:Corsair CV550,RAM:Corsair Vengeance LPX 32GB DDR4,0.014,0.34063260340632606,2.103969137778419
GPU:GeForce GTX 1650 | PSU:Corsair CV550,RAM:Corsair Vengeance LPX 16GB DDR4,0.0164,0.4619718309859156,2.0970123966677967
GPU:GeForce GTX 1650,PSU:Corsair CV550 | RAM:Corsair Vengeance LPX 16GB DDR4,0.0164,0.36363636363636365,2.092269065801862
GPU:GeForce GTX 1650,RAM:Kingston Fury Beast 16GB DDR4,0.0202,0.44789356984478934,2.0832259062548344
GPU:Radeon RX 6500 XT | PSU:Corsair CV550,Motherboard:ASUS Prime B560M-A,0.0141,0.2227488151658768,2.079820869896142
GPU:GeForce RTX 2060 | RAM:Kingston Fury Beast 16GB DDR4,Storage:Kingston NV2 500GB NVMe SSD,0.0129,0.3805309734513274,2.06922769685333
Motherboard:Gigabyte B550 AORUS Elite AX V2 | Storage:Kingston NV2 500GB NVMe SSD,RAM:Kingston Fury Beast 16GB DDR4,0.0142,0.44236760124610597,2.057523726726074
GPU:GeForce GTX 1650 | PSU:Corsair CV550,RAM:Kingston Fury Beast 16GB DDR4,0.0157,0.4422535211267606,2.0569931215198167
GPU:GeForce GTX 1650,PSU:Corsair CV550 | RAM:Kingston Fury Beast 16GB DDR4,0.0157,0.3481152993348115,2.0477370549106557
GPU:Radeon RX 6500 XT,RAM:Corsair Vengeance LPX 16GB DDR4,0.0351,0.4505776636713736,2.0452912558845826
GPU:Radeon RX 6500 XT | PSU:Corsair CV550,RAM:Corsair Vengeance LPX 16GB DDR4,0.0285,0.4502369668246446,2.0437447427355635
GPU:Radeon RX 6500 XT,Motherboard:ASUS Prime B560M-A,0.0168,0.21566110397946084,2.013642427445946
GPU:Radeon RX 6500 XT | Storage:Kingston NV2 500GB NVMe SSD,RAM:Corsair Vengeance LPX 16GB DDR4,0.0162,0.4426229508196721,2.0091827091224337
Motherboard:Gigabyte Z790 Gaming X AX,Storage:Crucial P3 Plus 2TB NVMe SSD,0.0208,0.22857142857142856,1.9927761863245734
Motherboard:MSI MAG B560M Mortar WiFi | Storage:Kingston NV2 500GB NVMe SSD,RAM:Corsair Vengeance LPX 16GB DDR4,0.0107,0.43852459016393436,1.9905791655194478
GPU:GeForce GTX 1650,RAM:Corsair Vengeance LPX 16GB DDR4,0.0197,0.4368070953436807,1.982783002013984
GPU:Radeon RX 6700 XT,RAM:Corsair Vengeance LPX 32GB DDR4,0.0178,0.3207207207207207,1.9809803626974722
RAM:Corsair Vengeance 32GB DDR5,Storage:Samsung 990 Pro 2TB NVMe SSD,0.0122,0.23552123552123555,1.9708890001777035
RAM:G.Skill Flare X5 32GB DDR5,Storage:Crucial P3 Plus 2TB NVMe SSD,0.0127,0.225177304964539,1.9631848732740977
GPU:Radeon RX 6700 XT,Storage:Samsung 990 Pro 2TB NVMe SSD,0.013,0.23423423423423423,1.9601191149308304
Motherboard:MSI PRO B760M-A WiFi DDR5,Storage:Samsung 990 Pro 2TB NVMe SSD,0.0151,0.2330246913580247,1.949997417221964
GPU:GeForce RTX 2060 | PSU:Corsair CV550,Storage:Kingston NV2 500GB NVMe SSD,0.029,0.3553921568627451,1.9325294011024747
Motherboard:ASUS Prime B560M-A | Storage:Kingston NV2 500GB NVMe SSD,RAM:Corsair Vengeance LPX 16GB DDR4,0.0137,0.42414860681114547,1.9253227726334339
Motherboard:MSI B550M PRO-VDH WiFi | Storage:Kingston NV2 500GB NVMe SSD,RAM:Kingston Fury Beast 16GB DDR4,0.0154,0.4128686327077748,1.920319221896627
Motherboard:ASUS Prime B560M-A | RAM:Kingston Fury Beast 16GB DDR4,Storage:Kingston NV2 500GB NVMe SSD,0.0131,0.353099730458221,1.9200637871572648
RAM:Kingston Fury Beast 64GB DDR4,Motherboard:Gigabyte B550 AORUS Elite AX V2,0.0124,0.3220779220779221,1.9182723173193692
GPU:GeForce RTX 2060,Storage:Kingston NV2 500GB NVMe SSD,0.0371,0.35165876777251187,1.9122282097472096
Storage:Kingston NV2 500GB NVMe SSD,GPU:GeForce RTX 2060,0.0371,0.20174007612833061,1.9122282097472096
GPU:GeForce GTX 1660 Super | Storage:Kingston NV2 500GB NVMe SSD,RAM:Kingston Fury Beast 16GB DDR4,0.0149,0.4082191780821918,1.8986938515450782
RAM:Corsair Vengeance LPX 16GB DDR4 | Storage:Kingston NV2 500GB NVMe SSD,Motherboard:ASUS Prime B560M-A,0.0137,0.20236336779911376,1.8894805583484011
GPU:GeForce RTX 2060,PSU:Corsair CV550 | Storage:Kingston NV2 500GB NVMe SSD,0.029,0.27488151658767773,1.8879225040362482
Motherboard:ASUS Prime B560M-A | Storage:Kingston NV2 500GB NVMe SSD,RAM:Kingston Fury Beast 16GB DDR4,0.0131,0.4055727554179566,1.8863849089207285
Motherboard:MSI PRO B760M-A WiFi DDR5,Storage:Crucial P3 Plus 2TB NVMe SSD,0.0139,0.21450617283950618,1.8701497196120853
Motherboard:MSI B550M PRO-VDH WiFi | Storage:Kingston NV2 500GB NVMe SSD,RAM:Corsair Vengeance LPX 16GB DDR4,0.0153,0.4101876675603217,1.861950374763149
Motherboard:Gigabyte B550 AORUS Elite AX V2 | RAM:Kingston Fury Beast 16GB DDR4,Storage:Kingston NV2 500GB NVMe SSD,0.0142,0.3405275779376499,1.8516997168985854
GPU:Radeon RX 6800 | PSU:Corsair CV550,RAM:G.Skill Ripjaws V 32GB DDR4,0.0116,0.2822384428223844,1.8162061957682394
PSU:Corsair CV550 | Storage:Samsung 990 Pro 2TB NVMe SSD,RAM:Corsair Vengeance LPX 32GB DDR4,0.0131,0.2924107142857143,1.806119297626401
GPU:Radeon RX 6500 XT,Motherboard:MSI B550M PRO-VDH WiFi | PSU:Corsair CV550,0.0168,0.21566110397946084,1.7912051825536615
GPU:GeForce RTX 3060 Ti | PSU:Corsair CV550,RAM:G.Skill Ripjaws V 32GB DDR4,0.0169,0.27704918032786885,1.7828132582230942
GPU:Radeon RX 6500 XT | RAM:Corsair Vengeance LPX 16GB DDR4,Motherboard:MSI B550M PRO-VDH WiFi,0.0103,0.2934472934472935,1.7720247188846225
GPU:GeForce RTX 3060 Ti,Storage:Crucial P3 Plus 2TB NVMe SSD,0.018,0.2029312288613303,1.7692347764719294
Motherboard:ASUS Prime B560M-A | PSU:Corsair CV550,Storage:Kingston NV2 500GB NVMe SSD,0.0265,0.32475490196078427,1.7659320389384678
Motherboard:MSI MAG B560M Mortar WiFi | RAM:Corsair Vengeance LPX 16GB DDR4,Storage:Kingston NV2 500GB NVMe SSD,0.0107,0.3232628398791541,1.7578185964064932
GPU:Radeon RX 6500 XT | RAM:Kingston Fury Beast 16GB DDR4,Motherboard:MSI B550M PRO-VDH WiFi,0.0103,0.2909604519774011,1.7570075602500068
GPU:GeForce GTX 1660 Super | Storage:Kingston NV2 500GB NVMe SSD,RAM:Corsair Vengeance LPX 16GB DDR4,0.014,0.3835616438356165,1.741087806788999
PSU:Corsair CV550 | Storage:Crucial P3 Plus 2TB NVMe SSD,RAM:G.Skill Ripjaws V 32GB DDR4,0.0108,0.2693266832917706,1.733118940101484
Motherboard:ASUS TUF Gaming B550-PLUS WiFi II | PSU:MSI MAG A650BN,RAM:Corsair Vengeance LPX 32GB DDR4,0.0108,0.2790697674418605,1.7237169082264394
Motherboard:MSI B550M PRO-VDH WiFi | RAM:Kingston Fury Beast 16GB DDR4,Storage:Kingston NV2 500GB NVMe SSD,0.0154,0.3155737704918033,1.7160074523752218
GPU:GeForce RTX 3060 Ti | PSU:Corsair CV550,RAM:Corsair Vengeance LPX 32GB DDR4,0.0169,0.27704918032786885,1.7112364442734334
PSU:Corsair CV550 | Storage:Samsung 990 Pro 2TB NVMe SSD,RAM:G.Skill Ripjaws V 32GB DDR4,0.0119,0.265625,1.7092985842985842
GPU:GeForce RTX 3070 | PSU:Corsair CV550,RAM:G.Skill Ripjaws V 32GB DDR4,0.0154,0.2646048109965636,1.702733661496548
GPU:GeForce RTX 3060 Ti | PSU:Corsair CV550,Storage:Samsung 990 Pro 2TB NVMe SSD,0.0124,0.20327868852459016,1.7010768914191645
Motherboard:ASUS Prime B560M-A,PSU:Corsair CV550 | Storage:Kingston NV2 500GB NVMe SSD,0.0265,0.24743230625583565,1.699397707801069
GPU:GeForce GTX 1660 Super,RAM:Kingston Fury Beast 16GB DDR4,0.0344,0.3651804670912951,1.6985138004246283
Motherboard:Gigabyte B550 AORUS Elite AX V2 | Storage:Kingston NV2 500GB NVMe SSD,RAM:Corsair Vengeance LPX 16GB DDR4,0.012,0.3738317757009346,1.696921360421855
PSU:MSI MAG A650BN | Storage:Kingston NV2 500GB NVMe SSD,RAM:Corsair Vengeance LPX 16GB DDR4,0.0143,0.3733681462140992,1.6948168234866055
GPU:Radeon RX 6800,RAM:G.Skill Ripjaws V 32GB DDR4,0.0178,0.26331360946745563,1.6944247713478482
GPU:Radeon RX 6700 XT | PSU:Corsair CV550,RAM:G.Skill Ripjaws V 32GB DDR4,0.0108,0.26277372262773724,1.690950596060085
PSU:MSI MAG A650BN | RAM:Corsair Vengeance LPX 16GB DDR4,Storage:Kingston NV2 500GB NVMe SSD,0.0143,0.31086956521739134,1.6904272170603116
PSU:Corsair CV550 | RAM:Kingston Fury Beast 16GB DDR4,Storage:Kingston NV2 500GB NVMe SSD,0.0528,0.3105882352941176,1.6888974186738315
Storage:Kingston NV2 500GB NVMe SSD,PSU:Corsair CV550 | RAM:Kingston Fury Beast 16GB DDR4,0.0528,0.28711256117455136,1.6888974186738315
GPU:GeForce GTX 1660 Super | PSU:Corsair CV550,RAM:Kingston Fury Beast 16GB DDR4,0.027,0.3629032258064516,1.6879219804951238
PSU:Corsair CV550 | Storage:Kingston NV2 500GB NVMe SSD,RAM:Kingston Fury Beast 16GB DDR4,0.0528,0.3626373626373626,1.6866854076156401
RAM:Kingston Fury Beast 16GB DDR4,PSU:Corsair CV550 | Storage:Kingston NV2 500GB NVMe SSD,0.0528,0.24558139534883722,1.6866854076156401
GPU:GeForce GTX 1660 Super,PSU:Corsair CV550 | RAM:Kingston Fury Beast 16GB DDR4,0.027,0.28662420382165604,1.6860247283626826
Motherboard:ASUS Prime B560M-A | PSU:Corsair CV550,RAM:Kingston Fury Beast 16GB DDR4,0.0294,0.36029411764705876,1.67578659370725
Storage:Kingston NV2 500GB NVMe SSD,RAM:Corsair Vengeance LPX 16GB DDR4,0.0677,0.3681348558999456,1.6710615338172747
RAM:Corsair Vengeance LPX 16GB DDR4,Storage:Kingston NV2 500GB NVMe SSD,0.0677,0.30730821606899683,1.6710615338172747
PSU:Corsair CV550 | RAM:Corsair Vengeance LPX 16GB DDR4,Storage:Kingston NV2 500GB NVMe SSD,0.0534,0.30724971231300346,1.6707434057259567
Storage:Kingston NV2 500GB NVMe SSD,PSU:Corsair CV550 | RAM:Corsair Vengeance LPX 16GB DDR4,0.0534,0.2903752039151713,1.6707434057259567
GPU:GeForce RTX 3070 | PSU:Corsair CV550,RAM:Corsair Vengeance LPX 32GB DDR4,0.0157,0.2697594501718213,1.6662103160705455
PSU:Corsair CV550 | Storage:Kingston NV2 500GB NVMe SSD,RAM:Corsair Vengeance LPX 16GB DDR4,0.0534,0.3667582417582418,1.6648127179221144
RAM:Corsair Vengeance LPX 16GB DDR4,PSU:Corsair CV550 | Storage:Kingston NV2 500GB NVMe SSD,0.0534,0.24239673172945986,1.6648127179221144
Storage:Kingston NV2 500GB NVMe SSD,RAM:Kingston Fury Beast 16GB DDR4,0.0658,0.35780315388798256,1.6642007157580585
RAM:Kingston Fury Beast 16GB DDR4,Storage:Kingston NV2 500GB NVMe SSD,0.0658,0.30604651162790697,1.6642007157580585
GPU:GeForce GTX 1660 Super,PSU:Corsair CV550 | RAM:Corsair Vengeance LPX 16GB DDR4,0.0272,0.28874734607218683,1.6613771350528586
GPU:GeForce GTX 1660 Super | PSU:Corsair CV550,RAM:Corsair Vengeance LPX 16GB DDR4,0.0272,0.3655913978494624,1.6595161046276095
GPU:GeForce GTX 1660 Super,RAM:Corsair Vengeance LPX 16GB DDR4,0.0344,0.3651804670912951,1.6576507811679306
Motherboard:MSI B550M PRO-VDH WiFi | RAM:Corsair Vengeance LPX 16GB DDR4,Storage:Kingston NV2 500GB NVMe SSD,0.0153,0.30478087649402386,1.657318523621663
Motherboard:ASUS Prime B560M-A,Storage:Kingston NV2 500GB NVMe SSD,0.0323,0.3015873015873016,1.6399527003115912
GPU:Radeon RX 6500 XT,Motherboard:MSI B550M PRO-VDH WiFi,0.0211,0.27086007702182285,1.6356284844312974
GPU:Radeon RX 6800,RAM:Corsair Vengeance LPX 32GB DDR4,0.0178,0.26331360946745563,1.6263965995519187
Motherboard:MSI B550M PRO-VDH WiFi | Storage:Crucial P3 1TB NVMe SSD,RAM:Corsair Vengeance LPX 16GB DDR4,0.0107,0.35785953177257523,1.624419118350319
GPU:Radeon RX 6800 | PSU:Corsair CV550,RAM:Corsair Vengeance LPX 32GB DDR4,0.0108,0.26277372262773724,1.623061906286209
GPU:GeForce RTX 2060 | Storage:Kingston NV2 500GB NVMe SSD,RAM:Kingston Fury Beast 16GB DDR4,0.0129,0.3477088948787062,1.6172506738544474
Motherboard:ASUS Prime B560M-A,PSU:Corsair CV550 | RAM:Kingston Fury Beast 16GB DDR4,0.0294,0.2745098039215686,1.6147635524798152
Motherboard:ASUS Prime B560M-A,RAM:Kingston Fury Beast 16GB DDR4,0.0371,0.3464052287581699,1.611187110503116
GPU:Radeon RX 6500 XT | PSU:Corsair CV550,Motherboard:MSI B550M PRO-VDH WiFi,0.0168,0.26540284360189575,1.6026741763399501
Motherboard:MSI MAG B560M Mortar WiFi | PSU:Corsair CV550,RAM:Corsair Vengeance LPX 16GB DDR4,0.0259,0.35286103542234326,1.6017296206188982
GPU:GeForce GTX 1650,Motherboard:MSI B550M PRO-VDH WiFi,0.0119,0.2638580931263858,1.5933459729854216
GPU:GeForce RTX 2060 | Storage:Kingston NV2 500GB NVMe SSD,RAM:Corsair Vengeance LPX 16GB DDR4,0.013,0.3504043126684636,1.5905779058940699
Motherboard:MSI MAG B560M Mortar WiFi,RAM:Corsair Vengeance LPX 16GB DDR4,0.0331,0.3495248152059134,1.5865856341621125
PSU:MSI MAG A650BN | RAM:Corsair Vengeance LPX 32GB DDR4,Motherboard:ASUS TUF Gaming B550-PLUS WiFi II,0.0108,0.28051948051948056,1.5830670458209963
PSU:MSI MAG A650BN | RAM:Kingston Fury Beast 16GB DDR4,Storage:Kingston NV2 500GB NVMe SSD,0.013,0.29082774049217003,1.581445027146112
PSU:MSI MAG A650BN | Storage:Kingston NV2 500GB NVMe SSD,RAM:Kingston Fury Beast 16GB DDR4,0.013,0.3394255874673629,1.5787236626388972
Motherboard:MSI MAG B560M Mortar WiFi,PSU:Corsair CV550 | RAM:Corsair Vengeance LPX 16GB DDR4,0.0259,0.2734952481520591,1.573620530218982
GPU:GeForce RTX 3070,RAM:G.Skill Ripjaws V 32GB DDR4,0.021,0.24193548387096775,1.556856395566073
GPU:GeForce RTX 3060 Ti,RAM:Corsair Vengeance LPX 32GB DDR4,0.0223,0.25140924464487036,1.5528674777323679
GPU:GeForce RTX 3060 Ti,RAM:G.Skill Ripjaws V 32GB DDR4,0.0214,0.24126268320180383,1.5525269189305264
RAM:Corsair Vengeance LPX 32GB DDR4,Motherboard:ASUS TUF Gaming B550-PLUS WiFi II,0.0444,0.2742433600988265,1.5476487590227228
Motherboard:ASUS TUF Gaming B550-PLUS WiFi II,RAM:Corsair Vengeance LPX 32GB DDR4,0.0444,0.2505643340857788,1.5476487590227226
Motherboard:MSI B550M PRO-VDH WiFi | Storage:WD Black SN770 1TB NVMe SSD,RAM:Corsair Vengeance LPX 16GB DDR4,0.0121,0.34084507042253526,1.5471859755902644
PSU:Corsair RM750e,Motherboard:ASUS TUF Gaming B550-PLUS WiFi II,0.0111,0.2733990147783252,1.542883830577456
Motherboard:ASUS Prime B560M-A | PSU:Corsair CV550,RAM:Corsair Vengeance LPX 16GB DDR4,0.0277,0.33946078431372545,1.5409023346061075
GPU:Radeon RX 6600 XT | PSU:Corsair CV550,Storage:Kingston NV2 500GB NVMe SSD,0.014,0.28169014084507044,1.5317571552206113
GPU:Radeon RX 6600 XT,PSU:Corsair CV550 | Storage:Samsung 980 1TB NVMe SSD,0.0132,0.20465116279069767,1.5261085965003556
RAM:Corsair Vengeance LPX 16GB DDR4 | Storage:WD Black SN770 1TB NVMe SSD,Motherboard:MSI B550M PRO-VDH WiFi,0.0121,0.2520833333333333,1.522242351046699
RAM:Corsair Vengeance LPX 16GB DDR4 | Storage:Crucial P3 1TB NVMe SSD,Motherboard:MSI B550M PRO-VDH WiFi,0.0107,0.2505854800936768,1.5131973435608503
GPU:Radeon RX 6600 XT,Storage:Kingston NV2 500GB NVMe SSD,0.0179,0.2775193798449612,1.5090776500541665
RAM:G.Skill Ripjaws V 32GB DDR4,Motherboard:ASUS TUF Gaming B550-PLUS WiFi II,0.0415,0.26705276705276704,1.5070697914941706
Motherboard:ASUS TUF Gaming B550-PLUS WiFi II,RAM:G.Skill Ripjaws V 32GB DDR4,0.0415,0.23419864559819414,1.5070697914941706
GPU:GeForce RTX 2060 | PSU:Corsair CV550,RAM:Corsair Vengeance LPX 16GB DDR4,0.027,0.33088235294117646,1.5019625644175054
PSU:MSI MAG A650BN | RAM:Kingston Fury Beast 16GB DDR4,Motherboard:MSI B550M PRO-VDH WiFi,0.0111,0.24832214765100674,1.499529877119606
GPU:GeForce RTX 2060,RAM:Kingston Fury Beast 16GB DDR4,0.0339,0.32132701421800947,1.4945442521767882
GPU:GeForce RTX 2060 | PSU:Corsair CV550,RAM:Kingston Fury Beast 16GB DDR4,0.0262,0.321078431372549,1.4933880528955767
GPU:Radeon RX 6600 XT,PSU:Corsair CV550 | Storage:Kingston NV2 500GB NVMe SSD,0.014,0.21705426356589147,1.490757304710793
Motherboard:ASUS Prime B560M-A,PSU:Corsair CV550 | RAM:Corsair Vengeance LPX 16GB DDR4,0.0277,0.2586367880485527,1.4881288150089338
GPU:Radeon RX 6700 XT,RAM:G.Skill Ripjaws V 32GB DDR4,0.0128,0.23063063063063063,1.4841095922177003
GPU:GeForce RTX 3070,RAM:Corsair Vengeance LPX 32GB DDR4,0.0208,0.23963133640552994,1.4801194342528101
Motherboard:Gigabyte B550 AORUS Elite AX V2 | RAM:Corsair Vengeance LPX 16GB DDR4,Storage:Kingston NV2 500GB NVMe SSD,0.012,0.272108843537415,1.4796565717097063
Motherboard:ASUS Prime B560M-A,RAM:Corsair Vengeance LPX 16GB DDR4,0.0349,0.3258636788048553,1.4791814743751943
Motherboard:MSI B550M PRO-VDH WiFi | PSU:Corsair CV550,RAM:Corsair Vengeance LPX 16GB DDR4,0.0391,0.3247508305647841,1.4741299617103227
GPU:GeForce RTX 2060,PSU:Corsair CV550 | RAM:Corsair Vengeance LPX 16GB DDR4,0.027,0.2559241706161137,1.4725211197705046
Motherboard:MSI MAG B560M Mortar WiFi | PSU:Corsair CV550,RAM:Kingston Fury Beast 16GB DDR4,0.0231,0.31471389645776565,1.4637855649198404
GPU:GeForce RTX 2060,PSU:Corsair CV550 | RAM:Kingston Fury Beast 16GB DDR4,0.0262,0.24834123222748816,1.4608307778087537
PSU:MSI MAG A650BN | RAM:Corsair Vengeance LPX 16GB DDR4,Motherboard:MSI B550M PRO-VDH WiFi,0.0111,0.24130434782608698,1.4571518588531822
Motherboard:MSI B550M PRO-VDH WiFi | PSU:Corsair CV550,RAM:Kingston Fury Beast 16GB DDR4,0.0377,0.31312292358803984,1.456385691107162
Motherboard:MSI B550M PRO-VDH WiFi | Storage:WD Black SN770 1TB NVMe SSD,RAM:Kingston Fury Beast 16GB DDR4,0.0111,0.3126760563380282,1.4543072387815266
Motherboard:Gigabyte B550 AORUS Elite AX V2 | Storage:WD Black SN770 1TB NVMe SSD,RAM:Corsair Vengeance LPX 16GB DDR4,0.0107,0.31845238095238093,1.4455396321034086
GPU:GeForce RTX 2060,RAM:Corsair Vengeance LPX 16GB DDR4,0.0335,0.3175355450236967,1.4413778711924499
Motherboard:Gigabyte B560 AORUS PRO AX | PSU:Corsair CV550,RAM:Kingston Fury Beast 16GB DDR4,0.018,0.30874785591766724,1.4360365391519407
RAM:Kingston Fury Beast 16GB DDR4 | Storage:WD Black SN770 1TB NVMe SSD,Motherboard:MSI B550M PRO-VDH WiFi,0.0111,0.23768736616702357,1.4353101821680168
Motherboard:MSI MAG B560M Mortar WiFi,PSU:Corsair CV550 | RAM:Kingston Fury Beast 16GB DDR4,0.0231,0.24392819429778245,1.434871731163426
Motherboard:Gigabyte B550 AORUS Elite AX V2 | PSU:Corsair CV550,RAM:Corsair Vengeance LPX 16GB DDR4,0.0355,0.31471631205673756,1.428580626676067
Motherboard:ASUS TUF Gaming B550-PLUS WiFi II | PSU:Corsair CV550,RAM:Corsair Vengeance LPX 32GB DDR4,0.025,0.23084025854108958,1.4258200033421222
Motherboard:MSI B550M PRO-VDH WiFi | PSU:MSI MAG A650BN,RAM:Kingston Fury Beast 16GB DDR4,0.0111,0.3057851239669422,1.4222563905439172
GPU:Radeon RX 6600 XT | PSU:Corsair CV550,Storage:Samsung 980 1TB NVMe SSD,0.0132,0.2655935613682093,1.4202864244289266
Motherboard:MSI MAG B560M Mortar WiFi | PSU:Corsair CV550,Storage:Kingston NV2 500GB NVMe SSD,0.0191,0.2602179836512261,1.414997192230702
Motherboard:MSI MAG B560M Mortar WiFi,RAM:Kingston Fury Beast 16GB DDR4,0.0288,0.3041182682154171,1.4145035730949633
Motherboard:ASUS TUF Gaming B550-PLUS WiFi II | PSU:Corsair CV550,RAM:G.Skill Ripjaws V 32GB DDR4,0.0238,0.2197599261311173,1.4141565388102786
GPU:Radeon RX 6600,Storage:Samsung 980 1TB NVMe SSD,0.0161,0.26436781609195403,1.4137316368553692
RAM:Kingston Fury Beast 16GB DDR4 | Storage:Kingston NV2 500GB NVMe SSD,Motherboard:MSI B550M PRO-VDH WiFi,0.0154,0.23404255319148937,1.4133004419775927
GPU:Radeon RX 6600 | PSU:Corsair CV550,Storage:Kingston NV2 500GB NVMe SSD,0.0119,0.25925925925925924,1.4097839002678587
GPU:Radeon RX 6600 | PSU:Corsair CV550,Storage:Crucial P3 1TB NVMe SSD,0.011,0.23965141612200433,1.4055801532082364
Motherboard:MSI MAG B560M Mortar WiFi,Storage:Kingston NV2 500GB NVMe SSD,0.0244,0.2576557550158395,1.4010644644689476
PSU:Cooler Master MWE 650 Bronze V2,Motherboard:ASUS TUF Gaming B550-PLUS WiFi II,0.0139,0.24777183600713013,1.3982609255481384
GPU:GeForce GTX 1660 Super,Motherboard:MSI B550M PRO-VDH WiFi,0.0218,0.2314225053078556,1.3974788967865677
GPU:Radeon RX 6600 | PSU:Corsair CV550,RAM:Corsair Vengeance LPX 16GB DDR4,0.0141,0.3071895424836601,1.3944146277061285
GPU:Radeon RX 6600,RAM:Corsair Vengeance LPX 16GB DDR4,0.0187,0.3070607553366174,1.3938300287635834
RAM:Kingston Fury Beast 64GB DDR4,PSU:MSI MAG A650BN,0.0119,0.30909090909090914,1.3929288377237907
GPU:Radeon RX 6600 XT,Storage:Samsung 980 1TB NVMe SSD,0.0168,0.26046511627906976,1.3928615843800523
Motherboard:Gigabyte B560 AORUS PRO AX,RAM:Corsair Vengeance LPX 32GB DDR4,0.0177,0.22519083969465647,1.3909255076878104
GPU:Radeon RX 6600 XT | PSU:Corsair CV550,RAM:Corsair Vengeance LPX 16GB DDR4,0.0152,0.3058350100603622,1.3882660465744991
Motherboard:MSI B550M PRO-VDH WiFi | PSU:MSI MAG A650BN,RAM:Corsair Vengeance LPX 16GB DDR4,0.0111,0.3057851239669422,1.3880396003946536
GPU:Radeon RX 6700 XT | PSU:Corsair CV550,Motherboard:ASUS TUF Gaming B550-PLUS WiFi II,0.0101,0.24574209245742093,1.3868063908432333
GPU:Radeon RX 6800 | PSU:Corsair CV550,Motherboard:ASUS TUF Gaming B550-PLUS WiFi II,0.0101,0.24574209245742093,1.3868063908432333
Motherboard:MSI MAG B560M Mortar WiFi,PSU:Corsair CV550 | Storage:Kingston NV2 500GB NVMe SSD,0.0191,0.20168954593453006,1.3852303979019922
GPU:Radeon RX 6800,PSU:MSI MAG A650BN,0.0207,0.3062130177514793,1.3799595211873785
GPU:Radeon RX 6600 XT | Storage:WD Black SN770 1TB NVMe SSD,PSU:Corsair CV550,0.0129,0.8657718120805369,1.3762069815300222
Motherboard:MSI B550M PRO-VDH WiFi,RAM:Corsair Vengeance LPX 16GB DDR4,0.0502,0.3031400966183575,1.3760331212816954
RAM:Corsair Vengeance LPX 16GB DDR4,Motherboard:MSI B550M PRO-VDH WiFi,0.0502,0.22787108488424876,1.3760331212816954
Motherboard:MSI B550M PRO-VDH WiFi,RAM:Kingston Fury Beast 16GB DDR4,0.0488,0.2946859903381643,1.3706325132007642
RAM:Kingston Fury Beast 16GB DDR4,Motherboard:MSI B550M PRO-VDH WiFi,0.0488,0.22697674418604652,1.370632513200764
GPU:Radeon RX 6600,Storage:Kingston NV2 500GB NVMe SSD,0.0153,0.25123152709359603,1.3661311968112888
RAM:Corsair Vengeance LPX 16GB DDR4 | Storage:Kingston NV2 500GB NVMe SSD,Motherboard:MSI B550M PRO-VDH WiFi,0.0153,0.22599704579025112,1.3647164600860575
Motherboard:Gigabyte B550 AORUS Elite AX V2 | PSU:Corsair CV550,RAM:Kingston Fury Beast 16GB DDR4,0.033,0.2925531914893617,1.3607125185551707
GPU:Radeon RX 6600 XT | PSU:Corsair CV550,Storage:WD Black SN770 1TB NVMe SSD,0.0129,0.2595573440643863,1.3589389741590905
Motherboard:MSI B550M PRO-VDH WiFi,PSU:Corsair CV550 | RAM:Corsair Vengeance LPX 16GB DDR4,0.0391,0.23611111111111113,1.3585219281421814
PSU:Corsair CV550 | RAM:Corsair Vengeance LPX 16GB DDR4,Motherboard:MSI B550M PRO-VDH WiFi,0.0391,0.22497123130034521,1.3585219281421812
GPU:Radeon RX 6600 XT,PSU:Corsair CV550 | RAM:Corsair Vengeance LPX 16GB DDR4,0.0152,0.23565891472868217,1.3559201077599663
GPU:GeForce GTX 1660 Super | PSU:Corsair CV550,Motherboard:MSI B550M PRO-VDH WiFi,0.0167,0.22446236559139787,1.355449067580905
RAM:Corsair Vengeance LPX 32GB DDR4,Motherboard:Gigabyte B550 AORUS Elite AX V2,0.0367,0.22668313773934531,1.3501080270360055
Motherboard:Gigabyte B550 AORUS Elite AX V2,RAM:Corsair Vengeance LPX 32GB DDR4,0.0367,0.21858248957712928,1.3501080270360055
CPU:AMD Ryzen 3 3300X,PSU:Corsair CV550,0.0107,0.8492063492063492,1.3498749788687796
GPU:Radeon RX 6600,Storage:WD Black SN770 1TB NVMe SSD,0.0157,0.257799671592775,1.349736500485733
Motherboard:Gigabyte B560 AORUS PRO AX,RAM:Kingston Fury Beast 16GB DDR4,0.0228,0.2900763358778626,1.3491922598970352
Motherboard:Gigabyte B560 AORUS PRO AX,PSU:Corsair CV550 | RAM:Kingston Fury Beast 16GB DDR4,0.018,0.22900763358778622,1.3471037269869777
GPU:Radeon RX 6600 XT | RAM:Corsair Vengeance LPX 16GB DDR4,PSU:Corsair CV550,0.0152,0.8444444444444446,1.342305586463908
GPU:Radeon RX 6700 XT | RAM:G.Skill Ripjaws V 32GB DDR4,PSU:Corsair CV550,0.0108,0.84375,1.3412017167381975
GPU:Radeon RX 6600 XT | RAM:Kingston Fury Beast 16GB DDR4,PSU:Corsair CV550,0.014,0.8433734939759037,1.340603233151969
GPU:GeForce RTX 3070 | PSU:Corsair CV550,Storage:WD Black SN770 1TB NVMe SSD,0.0149,0.25601374570446733,1.3403861031647504
GPU:Radeon RX 6600 | PSU:Corsair CV550,Storage:Samsung 980 1TB NVMe SSD,0.0115,0.25054466230936817,1.3398110283923432
Motherboard:MSI B550M PRO-VDH WiFi,PSU:Corsair CV550 | RAM:Kingston Fury Beast 16GB DDR4,0.0377,0.22765700483091786,1.3391588519465756
PSU:Corsair CV550 | RAM:Kingston Fury Beast 16GB DDR4,Motherboard:MSI B550M PRO-VDH WiFi,0.0377,0.22176470588235292,1.3391588519465756
CPU:AMD Ryzen 7 1800X,PSU:Corsair CV550,0.0101,0.8416666666666666,1.3378901075610659
GPU:Radeon RX 6600 | PSU:Corsair CV550,RAM:Kingston Fury Beast 16GB DDR4,0.0132,0.2875816993464052,1.3375892992856055
GPU:Radeon RX 6500 XT | Motherboard:ASUS Prime B560M-A,PSU:Corsair CV550,0.0141,0.8392857142857143,1.3341054113586304
PSU:Corsair CV550 | RAM:Corsair Vengeance LPX 32GB DDR4,Motherboard:Gigabyte B550 AORUS Elite AX V2,0.0238,0.22389463781749766,1.333499927441916
GPU:GeForce RTX 3070 | RAM:Corsair Vengeance LPX 16GB DDR4,PSU:Corsair CV550,0.0109,0.8384615384615385,1.3327953242116333
GPU:Radeon RX 6600,PSU:Corsair CV550 | RAM:Corsair Vengeance LPX 16GB DDR4,0.0141,0.2315270935960591,1.332146683521629
GPU:GeForce RTX 2060 | Motherboard:ASUS Prime B560M-A,PSU:Corsair CV550,0.0134,0.8375,1.3312668892068034
RAM:Corsair Vengeance LPX 16GB DDR4 | Storage:WD Black SN770 1TB NVMe SSD,Motherboard:Gigabyte B550 AORUS Elite AX V2,0.0107,0.22291666666666665,1.3276752034941433
PSU:Corsair CV550 | RAM:Corsair Vengeance LPX 32GB DDR4,Motherboard:ASUS TUF Gaming B550-PLUS WiFi II,0.025,0.23518344308560676,1.3272203334402188
PSU:Corsair CV550 | RAM:G.Skill Ripjaws V 32GB DDR4,Motherboard:ASUS TUF Gaming B550-PLUS WiFi II,0.0238,0.2349457058242843,1.3258787010399793
PSU:MSI MAG A650BN | RAM:Kingston Fury Beast 16GB DDR4,Storage:Crucial P3 1TB NVMe SSD,0.0101,0.22595078299776286,1.325224533711219
GPU:Radeon RX 6600 | Storage:Crucial P3 1TB NVMe SSD,PSU:Corsair CV550,0.011,0.8333333333333333,1.3246436708525406
Motherboard:Gigabyte B560 AORUS PRO AX | PSU:Corsair CV550,RAM:G.Skill Ripjaws V 32GB DDR4,0.012,0.2058319039451115,1.3245296264164188
GPU:GeForce GTX 1650 | RAM:Corsair Vengeance LPX 16GB DDR4,PSU:Corsair CV550,0.0164,0.8324873096446702,1.323298854943046
GPU:GeForce RTX 2060 | Storage:Crucial P3 1TB NVMe SSD,PSU:Corsair CV550,0.018,0.8294930875576036,1.3185393221389345
Motherboard:Gigabyte B560 AORUS PRO AX,RAM:G.Skill Ripjaws V 32GB DDR4,0.0161,0.20483460559796438,1.3181120051349058
GPU:Radeon RX 6700 XT | Motherboard:ASUS TUF Gaming B550-PLUS WiFi II,PSU:Corsair CV550,0.0101,0.8278688524590163,1.31595748284695
Motherboard:Gigabyte B550 AORUS Elite AX V2 | Storage:Kingston NV2 500GB NVMe SSD,PSU:Corsair CV550,0.0265,0.825545171339564,1.3122638234613957
GPU:Radeon RX 6600 XT | PSU:Corsair CV550,RAM:Kingston Fury Beast 16GB DDR4,0.014,0.28169014084507044,1.3101867016049789
PSU:Corsair CV550 | Storage:Crucial P3 1TB NVMe SSD,RAM:Kingston Fury Beast 16GB DDR4,0.034,0.28075970272502065,1.3058590824419565
PSU:Corsair CV550 | RAM:G.Skill Ripjaws V 32GB DDR4,Motherboard:MSI B550M PRO-VDH WiFi,0.0219,0.21618953603158933,1.3054923673405152
GPU:Radeon RX 6500 XT | Storage:Samsung 980 1TB NVMe SSD,PSU:Corsair CV550,0.0124,0.8211920529801324,1.3053442266414441
Motherboard:ASUS Prime B560M-A | Storage:Kingston NV2 500GB NVMe SSD,PSU:Corsair CV550,0.0265,0.8204334365325077,1.304138350870303
Motherboard:Gigabyte B550 AORUS Elite AX V2 | PSU:Corsair CV550,RAM:Corsair Vengeance LPX 32GB DDR4,0.0238,0.21099290780141847,1.3032298196505157
GPU:Radeon RX 6500 XT | Storage:Kingston NV2 500GB NVMe SSD,PSU:Corsair CV550,0.03,0.8196721311475409,1.3029282008385645
GPU:GeForce GTX 1660 Super | PSU:Corsair CV550,Storage:WD Black SN770 1TB NVMe SSD,0.0185,0.24865591397849462,1.301863423971176
GPU:GeForce GTX 1660 Super | Storage:WD Black SN770 1TB NVMe SSD,PSU:Corsair CV550,0.0185,0.8185840707964602,1.301198650129487
Motherboard:MSI B550M PRO-VDH WiFi | PSU:Corsair CV550,Storage:Kingston NV2 500GB NVMe SSD,0.0288,0.23920265780730898,1.300721358386672
GPU:Radeon RX 6600 | PSU:Corsair CV550,Storage:WD Black SN770 1TB NVMe SSD,0.0114,0.2483660130718954,1.3003456181774629
GPU:GeForce RTX 3060 Ti | Storage:Crucial P3 1TB NVMe SSD,PSU:Corsair CV550,0.0112,0.8175182481751825,1.2995044479020545
CPU:AMD Ryzen 7 PRO 3700,PSU:Corsair CV550,0.0138,0.8165680473372782,1.297994034870892
GPU:GeForce RTX 2060 | PSU:Corsair CV550,Storage:Crucial P3 1TB NVMe SSD,0.018,0.2205882352941176,1.2937726410212176
GPU:Radeon RX 6500 XT,PSU:Corsair CV550,0.0633,0.8125802310654685,1.2916551121689215
CPU:AMD Ryzen 7 5800X3D,PSU:Corsair CV550,0.0143,0.8125,1.291527579081227
GPU:Radeon RX 6500 XT | RAM:Corsair Vengeance LPX 16GB DDR4,PSU:Corsair CV550,0.0285,0.811965811965812,1.2906784485229883
Motherboard:MSI MAG B560M Mortar WiFi | Storage:WD Black SN770 1TB NVMe SSD,PSU:Corsair CV550,0.0177,0.8119266055045872,1.2906161270141268
GPU:Radeon RX 6500 XT | RAM:Kingston Fury Beast 16GB DDR4,PSU:Corsair CV550,0.0287,0.8107344632768362,1.288721130626031
Motherboard:Gigabyte B560 AORUS PRO AX | PSU:Corsair CV550,Storage:Crucial P3 1TB NVMe SSD,0.0128,0.21955403087478562,1.2877069259518217
GPU:Radeon RX 6500 XT | Storage:Crucial P3 1TB NVMe SSD,PSU:Corsair CV550,0.0102,0.8095238095238095,1.2867967088281824
CPU:AMD Ryzen 5 5600,PSU:Corsair CV550,0.0106,0.8091603053435115,1.28621889261407
RAM:Kingston Fury Beast 16GB DDR4 | Storage:Kingston NV2 500GB NVMe SSD,Motherboard:Gigabyte B550 AORUS Elite AX V2,0.0142,0.2158054711246201,1.2853214480322817
Motherboard:ASUS TUF Gaming B550-PLUS WiFi II | RAM:Corsair Vengeance LPX 16GB DDR4,PSU:Corsair CV550,0.0291,0.8083333333333335,1.2849043607269646
Motherboard:Gigabyte B560 AORUS PRO AX | PSU:Corsair CV550,RAM:Corsair Vengeance LPX 16GB DDR4,0.0165,0.28301886792452835,1.2846975393759799
GPU:Radeon RX 6600,RAM:Kingston Fury Beast 16GB DDR4,0.0168,0.27586206896551724,1.2830793905372895
CPU:AMD Ryzen 7 3800X,PSU:Corsair CV550,0.0113,0.807142857142857,1.2830120126257465
GPU:GeForce RTX 2060 | RAM:Corsair Vengeance LPX 16GB DDR4,PSU:Corsair CV550,0.027,0.8059701492537313,1.2811479085260393
Motherboard:ASUS TUF Gaming B550-PLUS WiFi II | PSU:Corsair CV550,Storage:WD Black SN770 1TB NVMe SSD,0.0265,0.24469067405355494,1.2811030055159944
Motherboard:Gigabyte B550 AORUS Elite AX V2 | RAM:Corsair Vengeance LPX 16GB DDR4,PSU:Corsair CV550,0.0355,0.8049886621315192,1.2795877636806854
Motherboard:ASUS TUF Gaming B550-PLUS WiFi II | RAM:Kingston Fury Beast 16GB DDR4,PSU:Corsair CV550,0.0288,0.8044692737430168,1.2787621582308326
GPU:GeForce RTX 3060 | Storage:WD Black SN770 1TB NVMe SSD,PSU:Corsair CV550,0.0168,0.8038277511961722,1.2777424116931684
Motherboard:Gigabyte B550 AORUS Elite AX V2 | PSU:Corsair CV550,Storage:Kingston NV2 500GB NVMe SSD,0.0265,0.2349290780141844,1.277482751572509
GPU:Radeon RX 6600 XT,PSU:Corsair CV550 | RAM:Kingston Fury Beast 16GB DDR4,0.014,0.21705426356589147,1.2767897856817145
GPU:GeForce RTX 3060 | RAM:Corsair Vengeance LPX 32GB DDR4,PSU:Corsair CV550,0.0151,0.8031914893617021,1.2767310274387254
GPU:GeForce RTX 3060 | Storage:Samsung 980 1TB NVMe SSD,PSU:Corsair CV550,0.0155,0.8031088082901554,1.276599599888977
RAM:Kingston Fury Beast 16GB DDR4 | Storage:Kingston NV2 500GB NVMe SSD,PSU:Corsair CV550,0.0528,0.8024316109422492,1.2755231456719904
GPU:Radeon RX 6600,PSU:Corsair CV550 | RAM:Kingston Fury Beast 16GB DDR4,0.0132,0.2167487684729064,1.2749927557229788
Motherboard:Gigabyte B560 AORUS PRO AX | PSU:Corsair CV550,Storage:Samsung 980 1TB NVMe SSD,0.0139,0.23842195540308747,1.2749837187330881
Motherboard:MSI MAG B560M Mortar WiFi | RAM:Kingston Fury Beast 16GB DDR4,PSU:Corsair CV550,0.0231,0.8020833333333334,1.2749695331955704
RAM:Corsair Vengeance LPX 16GB DDR4 | Storage:Samsung 980 1TB NVMe SSD,PSU:Corsair CV550,0.0369,0.8004338394793926,1.272347543283091
GPU:Radeon RX 6600,Storage:Crucial P3 1TB NVMe SSD,0.0132,0.2167487684729064,1.2712537740346415
PSU:Corsair CV550 | Storage:Crucial P3 1TB NVMe SSD,RAM:Corsair Vengeance LPX 16GB DDR4,0.0339,0.27993393889347645,1.270694230111105
Motherboard:MSI B550M PRO-VDH WiFi | Storage:Crucial P3 1TB NVMe SSD,PSU:Corsair CV550,0.0239,0.7993311036789298,1.2705946648846445
Motherboard:Gigabyte B560 AORUS PRO AX,RAM:Corsair Vengeance LPX 16GB DDR4,0.022,0.2798982188295165,1.2705320872878643
Motherboard:Gigabyte B550 AORUS Elite AX V2 | RAM:Corsair Vengeance LPX 16GB DDR4,Storage:WD Black SN770 1TB NVMe SSD,0.0107,0.24263038548752833,1.270316154384965
CPU:AMD Ryzen 5 5600X,PSU:Corsair CV550,0.0111,0.7985611510791367,1.2693707694788376
GPU:GeForce GTX 1660 Super | Storage:Kingston NV2 500GB NVMe SSD,PSU:Corsair CV550,0.0291,0.7972602739726028,1.267302931127965
GPU:Radeon RX 6600 XT,RAM:Corsair Vengeance LPX 16GB DDR4,0.018,0.27906976744186046,1.2667715271986404
GPU:Radeon RX 6500 XT | Motherboard:Gigabyte B550 AORUS Elite AX V2,PSU:Corsair CV550,0.0102,0.796875,1.266690510252742
GPU:Radeon RX 6500 XT | Motherboard:MSI B550M PRO-VDH WiFi,PSU:Corsair CV550,0.0168,0.7962085308056871,1.2656311092126642
Motherboard:Gigabyte B560 AORUS PRO AX,Storage:Samsung 980 1TB NVMe SSD,0.0186,0.23664122137404578,1.265461076866555
RAM:Kingston Fury Beast 16GB DDR4 | Storage:Samsung 980 1TB NVMe SSD,PSU:Corsair CV550,0.0359,0.7960088691796009,1.2653137326014956
RAM:G.Skill Ripjaws V 32GB DDR4,Motherboard:Gigabyte B550 AORUS Elite AX V2,0.033,0.21235521235521235,1.2647719616153208
Motherboard:MSI MAG B560M Mortar WiFi | PSU:Corsair CV550,Storage:WD Black SN770 1TB NVMe SSD,0.0177,0.2411444141689373,1.262536199837368
GPU:GeForce GTX 1660 Super | Motherboard:Gigabyte B550 AORUS Elite AX V2,PSU:Corsair CV550,0.0135,0.7941176470588235,1.2623074981065388
RAM:Corsair Vengeance LPX 16GB DDR4 | Storage:Crucial P3 1TB NVMe SSD,PSU:Corsair CV550,0.0339,0.7939110070257611,1.2619790288122097
Motherboard:MSI B550M PRO-VDH WiFi | RAM:Corsair Vengeance LPX 16GB DDR4,Storage:WD Black SN770 1TB NVMe SSD,0.0121,0.24103585657370516,1.2619678354644248
GPU:GeForce RTX 3060 | Motherboard:ASUS TUF Gaming B550-PLUS WiFi II,PSU:Corsair CV550,0.0154,0.7938144329896907,1.2618255173894304
RAM:Corsair Vengeance LPX 16GB DDR4 | Storage:WD Black SN770 1TB NVMe SSD,PSU:Corsair CV550,0.0381,0.7937500000000001,1.2617230964870452
Motherboard:ASUS Prime B560M-A | RAM:Corsair Vengeance LPX 16GB DDR4,PSU:Corsair CV550,0.0277,0.7936962750716332,1.2616376968234513
Motherboard:Gigabyte B560 AORUS PRO AX,Storage:Crucial P3 1TB NVMe SSD,0.0169,0.2150127226463104,1.2610716870751342
PSU:Corsair CV550 | RAM:Corsair Vengeance LPX 32GB DDR4,Storage:WD Black SN770 1TB NVMe SSD,0.0256,0.24082784571966134,1.2608787734013682
RAM:G.Skill Ripjaws V 32GB DDR4 | Storage:Kingston NV2 500GB NVMe SSD,PSU:Corsair CV550,0.013,0.7926829268292682,1.2600269064207092
Motherboard:ASUS Prime B560M-A | RAM:Kingston Fury Beast 16GB DDR4,PSU:Corsair CV550,0.0294,0.7924528301886792,1.2596611511503404
GPU:GeForce RTX 3070 | PSU:Corsair CV550,Motherboard:Gigabyte B550 AORUS Elite AX V2,0.0123,0.211340206185567,1.2587266598306552
Storage:Kingston NV2 500GB NVMe SSD,PSU:Corsair CV550,0.1456,0.7917346383904296,1.258519533286329
PSU:Corsair CV550,Storage:Kingston NV2 500GB NVMe SSD,0.1456,0.2314417421713559,1.258519533286329
Motherboard:Gigabyte B550 AORUS Elite AX V2 | RAM:Kingston Fury Beast 16GB DDR4,PSU:Corsair CV550,0.033,0.7913669064748201,1.25793499678083
RAM:Kingston Fury Beast 16GB DDR4,PSU:Corsair CV550,0.17,0.7906976744186047,1.2568712039717131
PSU:Corsair CV550,RAM:Kingston Fury Beast 16GB DDR4,0.17,0.2702273088539183,1.2568712039717131
GPU:GeForce GTX 1660 Super | RAM:Corsair Vengeance LPX 16GB DDR4,PSU:Corsair CV550,0.0272,0.7906976744186046,1.256871203971713
GPU:GeForce GTX 1660 Super,Storage:WD Black SN770 1TB NVMe SSD,0.0226,0.23991507430997874,1.2560998654972708
Storage:Samsung 990 Pro 2TB NVMe SSD,RAM:Corsair Vengeance LPX 32GB DDR4,0.0243,0.20334728033472804,1.2560054375214826
PSU:Corsair CV550 | RAM:G.Skill Ripjaws V 32GB DDR4,Storage:WD Black SN770 1TB NVMe SSD,0.0243,0.23988153998025666,1.255924293090349
GPU:GeForce RTX 3060 | RAM:Kingston Fury Beast 16GB DDR4,PSU:Corsair CV550,0.0173,0.7899543378995434,1.2556896167533673
GPU:GeForce GTX 1660 Super,PSU:Corsair CV550,0.0744,0.7898089171974522,1.2554584600182042
GPU:GeForce RTX 3060 Ti | RAM:G.Skill Ripjaws V 32GB DDR4,PSU:Corsair CV550,0.0169,0.7897196261682242,1.2553165254621272
GPU:GeForce GTX 1660 Super | Motherboard:ASUS Prime B560M-A,PSU:Corsair CV550,0.012,0.7894736842105263,1.2549255829129333
Motherboard:Gigabyte B560 AORUS PRO AX | RAM:Kingston Fury Beast 16GB DDR4,PSU:Corsair CV550,0.018,0.7894736842105262,1.254925582912933
RAM:Corsair Vengeance LPX 16GB DDR4,PSU:Corsair CV550,0.1738,0.7889241942805266,1.2540521288833677
PSU:Corsair CV550,RAM:Corsair Vengeance LPX 16GB DDR4,0.1738,0.2762676839930059,1.2540521288833677
RAM:Corsair Vengeance LPX 16GB DDR4 | Storage:Kingston NV2 500GB NVMe SSD,PSU:Corsair CV550,0.0534,0.7887740029542099,1.2538133888955807
CPU:AMD Ryzen 7 3800XT,PSU:Corsair CV550,0.0149,0.7883597883597884,1.2531549648065305
GPU:GeForce RTX 2060 | Motherboard:Gigabyte B550 AORUS Elite AX V2,PSU:Corsair CV550,0.0134,0.788235294117647,1.2529570721946384
GPU:GeForce RTX 2060 | Motherboard:ASUS TUF Gaming B550-PLUS WiFi II,PSU:Corsair CV550,0.0119,0.7880794701986755,1.2527093787929988
GPU:GeForce GTX 1650,PSU:Corsair CV550,0.0355,0.7871396895787138,1.2512155294527323
GPU:Radeon RX 6500 XT | Storage:WD Black SN770 1TB NVMe SSD,PSU:Corsair CV550,0.0107,0.7867647058823529,1.2506194657166634
GPU:Radeon RX 6700 XT | RAM:Corsair Vengeance LPX 32GB DDR4,PSU:Corsair CV550,0.014,0.7865168539325843,1.25022548709678
Motherboard:Gigabyte B560 AORUS PRO AX | PSU:Corsair CV550,RAM:Corsair Vengeance LPX 32GB DDR4,0.0118,0.20240137221269297,1.2501628919869856
Motherboard:MSI B550M PRO-VDH WiFi | RAM:Corsair Vengeance LPX 16GB DDR4,Storage:Crucial P3 1TB NVMe SSD,0.0107,0.21314741035856571,1.2501314390531713
PSU:Corsair CV550 | Storage:Samsung 980 1TB NVMe SSD,RAM:Corsair Vengeance LPX 16GB DDR4,0.0369,0.2751677852348994,1.2490593973440733
GPU:Radeon RX 6600 | RAM:Kingston Fury Beast 16GB DDR4,PSU:Corsair CV550,0.0132,0.7857142857142858,1.2489497468038242
GPU:Radeon RX 6600 XT | Storage:Samsung 980 1TB NVMe SSD,PSU:Corsair CV550,0.0132,0.7857142857142858,1.2489497468038242
GPU:GeForce RTX 3060 | PSU:Corsair CV550,RAM:Corsair Vengeance LPX 32GB DDR4,0.0151,0.20214190093708165,1.2485602281475088
GPU:GeForce RTX 3060 | PSU:Corsair CV550,Storage:Crucial P3 1TB NVMe SSD,0.0159,0.21285140562248997,1.2483953408943693
GPU:GeForce GTX 1660 Super | RAM:Kingston Fury Beast 16GB DDR4,PSU:Corsair CV550,0.027,0.7848837209302325,1.2476295039425092
GPU:GeForce RTX 2060 | Storage:Samsung 980 1TB NVMe SSD,PSU:Corsair CV550,0.0164,0.7846889952153111,1.2473199733195217
GPU:GeForce RTX 3060 | Motherboard:MSI B550M PRO-VDH WiFi,PSU:Corsair CV550,0.0109,0.7841726618705036,1.2464992240828225
PSU:Corsair CV550 | Storage:Samsung 980 1TB NVMe SSD,RAM:Kingston Fury Beast 16GB DDR4,0.0359,0.2677106636838181,1.2451658775991539
Motherboard:ASUS TUF Gaming B550-PLUS WiFi II | Storage:Kingston NV2 500GB NVMe SSD,PSU:Corsair CV550,0.0184,0.7829787234042553,1.2446013724435787
Motherboard:MSI MAG B560M Mortar WiFi | Storage:Kingston NV2 500GB NVMe SSD,PSU:Corsair CV550,0.0191,0.7827868852459016,1.2442964318008292
Motherboard:MSI MAG B560M Mortar WiFi | RAM:Corsair Vengeance LPX 16GB DDR4,PSU:Corsair CV550,0.0259,0.7824773413897281,1.2438043894289115
GPU:GeForce GTX 1650 | Storage:Kingston NV2 500GB NVMe SSD,PSU:Corsair CV550,0.0151,0.7823834196891192,1.2436550940853905
PSU:Corsair CV550 | Storage:WD Black SN770 1TB NVMe SSD,RAM:Corsair Vengeance LPX 16GB DDR4,0.0381,0.2739036664270309,1.2433212275398589
GPU:Radeon RX 6600 XT | Storage:Kingston NV2 500GB NVMe SSD,PSU:Corsair CV550,0.014,0.782122905027933,1.243240987168865
GPU:GeForce RTX 2060 | Storage:Kingston NV2 500GB NVMe SSD,PSU:Corsair CV550,0.029,0.7816711590296496,1.242522904195914
GPU:GeForce RTX 3060 | RAM:Corsair Vengeance LPX 16GB DDR4,PSU:Corsair CV550,0.0161,0.7815533980582524,1.2423357146053926
GPU:Radeon RX 6800,Storage:Crucial P3 1TB NVMe SSD,0.0143,0.21153846153846156,1.240694789081886
GPU:Radeon RX 6700 XT,Motherboard:ASUS TUF Gaming B550-PLUS WiFi II,0.0122,0.21981981981981982,1.240518170540744
GPU:GeForce RTX 3070 | Storage:WD Black SN770 1TB NVMe SSD,PSU:Corsair CV550,0.0149,0.7801047120418849,1.240032923290232
GPU:GeForce RTX 3060 | Storage:Crucial P3 1TB NVMe SSD,PSU:Corsair CV550,0.0159,0.7794117647058824,1.238931433326788
Motherboard:MSI B550M PRO-VDH WiFi | RAM:Corsair Vengeance LPX 16GB DDR4,PSU:Corsair CV550,0.0391,0.7788844621513945,1.238093247737076
GPU:GeForce RTX 3060 | Storage:Kingston NV2 500GB NVMe SSD,PSU:Corsair CV550,0.0165,0.7783018867924528,1.2371672020226558
Motherboard:ASUS TUF Gaming B550-PLUS WiFi II | PSU:Corsair CV550,RAM:Kingston Fury Beast 16GB DDR4,0.0288,0.2659279778393352,1.2368743155317916
GPU:Radeon RX 6600 | Storage:Kingston NV2 500GB NVMe SSD,PSU:Corsair CV550,0.0119,0.7777777777777779,1.236334092795705
PSU:MSI MAG A650BN | Storage:Crucial P3 1TB NVMe SSD,RAM:Kingston Fury Beast 16GB DDR4,0.0101,0.2657894736842105,1.2362301101591187
GPU:GeForce GTX 1650 | RAM:Kingston Fury Beast 16GB DDR4,PSU:Corsair CV550,0.0157,0.7772277227722771,1.2354597405377161
RAM:Kingston Fury Beast 16GB DDR4 | Storage:WD Black SN770 1TB NVMe SSD,PSU:Corsair CV550,0.0362,0.7751605995717346,1.2321738985403505
Motherboard:MSI MAG B560M Mortar WiFi,PSU:Corsair CV550,0.0734,0.7750791974656811,1.2320445039988572
Motherboard:MSI MAG B560M Mortar WiFi | Storage:Samsung 980 1TB NVMe SSD,PSU:Corsair CV550,0.0151,0.7743589743589744,1.2308996572229762
GPU:GeForce RTX 2060,PSU:Corsair CV550,0.0816,0.7734597156398105,1.229470220378017
GPU:GeForce RTX 3060 Ti | Storage:WD Black SN770 1TB NVMe SSD,PSU:Corsair CV550,0.0126,0.7730061349693252,1.2287492210607618
GPU:GeForce RTX 2060 | RAM:Kingston Fury Beast 16GB DDR4,PSU:Corsair CV550,0.0262,0.7728613569321534,1.2285190858880202
GPU:GeForce GTX 1660 Super | Storage:Samsung 980 1TB NVMe SSD,PSU:Corsair CV550,0.0136,0.7727272727272726,1.228305949335992
Motherboard:MSI B550M PRO-VDH WiFi | RAM:Kingston Fury Beast 16GB DDR4,PSU:Corsair CV550,0.0377,0.7725409836065573,1.228009829290347
GPU:GeForce RTX 3060 | RAM:G.Skill Ripjaws V 32GB DDR4,PSU:Corsair CV550,0.0146,0.7724867724867724,1.2279236567902916
Motherboard:MSI B550M PRO-VDH WiFi | Storage:Kingston NV2 500GB NVMe SSD,PSU:Corsair CV550,0.0288,0.7721179624664879,1.2273374065593512
Motherboard:MSI B550M PRO-VDH WiFi | Storage:WD Black SN770 1TB NVMe SSD,PSU:Corsair CV550,0.0274,0.771830985915493,1.2268812365530013
GPU:GeForce RTX 2060 | Motherboard:MSI MAG B560M Mortar WiFi,PSU:Corsair CV550,0.0108,0.7714285714285715,1.226241569589209
RAM:Kingston Fury Beast 16GB DDR4 | Storage:Crucial P3 1TB NVMe SSD,PSU:Corsair CV550,0.034,0.7709750566893424,1.2255206750744594
CPU:AMD Ryzen 5 3600XT,PSU:Corsair CV550,0.0121,0.7707006369426752,1.225084465017764
GPU:Radeon RX 6600 XT,PSU:Corsair CV550,0.0497,0.7705426356589147,1.2248333105371398
Motherboard:MSI B550M PRO-VDH WiFi,Storage:Kingston NV2 500GB NVMe SSD,0.0373,0.2252415458937198,1.2248044909935825
Storage:Kingston NV2 500GB NVMe SSD,Motherboard:MSI B550M PRO-VDH WiFi,0.0373,0.20282762370853724,1.2248044909935825
GPU:GeForce RTX 2060 | Motherboard:MSI B550M PRO-VDH WiFi,PSU:Corsair CV550,0.0154,0.77,1.2239707518677476
Storage:Crucial P3 Plus 2TB NVMe SSD,Motherboard:ASUS TUF Gaming B550-PLUS WiFi II,0.0248,0.21621621621621623,1.2201818070892565
Motherboard:ASUS TUF Gaming B550-PLUS WiFi II | PSU:Corsair CV550,RAM:Corsair Vengeance LPX 16GB DDR4,0.0291,0.2686980609418283,1.2196916066356256
GPU:GeForce RTX 3060 Ti | Motherboard:MSI B550M PRO-VDH WiFi,PSU:Corsair CV550,0.0115,0.7666666666666667,1.2186721771843374
PSU:MSI MAG A650BN | RAM:Kingston Fury Beast 16GB DDR4,Storage:WD Black SN770 1TB NVMe SSD,0.0104,0.23266219239373603,1.218126661747309
RAM:Corsair Vengeance LPX 32GB DDR4 | Storage:Kingston NV2 500GB NVMe SSD,PSU:Corsair CV550,0.0131,0.7660818713450293,1.2177426026784761
GPU:GeForce GTX 1660 Super | Motherboard:MSI B550M PRO-VDH WiFi,PSU:Corsair CV550,0.0167,0.7660550458715596,1.217699961646097
Motherboard:ASUS Prime B560M-A | Storage:Samsung 980 1TB NVMe SSD,PSU:Corsair CV550,0.018,0.7659574468085106,1.2175448208687183
PSU:Corsair CV550 | RAM:Corsair Vengeance LPX 16GB DDR4,Motherboard:Gigabyte B550 AORUS Elite AX V2,0.0355,0.20425776754890676,1.216544178373477
Motherboard:Gigabyte B550 AORUS Elite AX V2,PSU:Corsair CV550 | RAM:Corsair Vengeance LPX 16GB DDR4,0.0355,0.21143537820131028,1.2165441783734767
Motherboard:MSI MAG B560M Mortar WiFi | RAM:Corsair Vengeance LPX 32GB DDR4,PSU:Corsair CV550,0.0127,0.7650602409638554,1.216118647216429
GPU:GeForce RTX 3060 Ti | Storage:Samsung 980 1TB NVMe SSD,PSU:Corsair CV550,0.013,0.7647058823529411,1.2155553685470373
Motherboard:Gigabyte B560 AORUS PRO AX | PSU:Corsair CV550,Storage:Kingston NV2 500GB NVMe SSD,0.013,0.22298456260720412,1.2125316074344976
GPU:GeForce RTX 3060,Storage:Crucial P3 1TB NVMe SSD,0.0204,0.20668693009118544,1.2122400591858382
Motherboard:MSI MAG B560M Mortar WiFi | Storage:Crucial P3 1TB NVMe SSD,PSU:Corsair CV550,0.0141,0.7621621621621621,1.211511941125675
Motherboard:ASUS Prime B560M-A,PSU:Corsair CV550,0.0816,0.761904761904762,1.211102784779466
PSU:Corsair CV550 | Storage:WD Black SN770 1TB NVMe SSD,RAM:Kingston Fury Beast 16GB DDR4,0.0362,0.26024442846872753,1.210439202180128
GPU:GeForce RTX 2060 | Storage:WD Black SN770 1TB NVMe SSD,PSU:Corsair CV550,0.0172,0.7610619469026549,1.209763069309577
GPU:Radeon RX 6600 XT,Storage:WD Black SN770 1TB NVMe SSD,0.0149,0.23100775193798448,1.2094646698323794
Motherboard:Gigabyte B560 AORUS PRO AX,PSU:Corsair CV550 | RAM:Corsair Vengeance LPX 16GB DDR4,0.0165,0.2099236641221374,1.2078461687119526
RAM:Corsair Vengeance 16GB DDR5,PSU:Corsair CV550,0.0174,0.759825327510917,1.2077973732489542
GPU:Radeon RX 6800 | Motherboard:ASUS TUF Gaming B550-PLUS WiFi II,PSU:Corsair CV550,0.0101,0.7593984962406015,1.2071188940400597
Motherboard:ASUS TUF Gaming B550-PLUS WiFi II | Storage:WD Black SN770 1TB NVMe SSD,PSU:Corsair CV550,0.0265,0.7593123209169054,1.2069819121235184
GPU:GeForce RTX 2060,Storage:Crucial P3 1TB NVMe SSD,0.0217,0.2056872037914692,1.2063765618267988
Motherboard:MSI MAG B560M Mortar WiFi,Storage:WD Black SN770 1TB NVMe SSD,0.0218,0.23020063357972542,1.2052389192655781
GPU:GeForce RTX 3060 Ti | RAM:Corsair Vengeance LPX 32GB DDR4,PSU:Corsair CV550,0.0169,0.757847533632287,1.2046535266766603
Motherboard:Gigabyte B560 AORUS PRO AX | Storage:Crucial P3 1TB NVMe SSD,PSU:Corsair CV550,0.0128,0.7573964497041421,1.2039364961121317
Motherboard:Gigabyte B560 AORUS PRO AX,Storage:Kingston NV2 500GB NVMe SSD,0.0174,0.2213740458015267,1.2037740391600147
GPU:GeForce RTX 3060,PSU:Corsair CV550,0.0747,0.7568389057750761,1.2030502396679004
RAM:Kingston Fury Beast 16GB DDR4,Storage:Crucial P3 1TB NVMe SSD,0.0441,0.20511627906976745,1.2030280297347065
Storage:Crucial P3 1TB NVMe SSD,RAM:Kingston Fury Beast 16GB DDR4,0.0441,0.25865102639296184,1.2030280297347062
CPU:AMD Ryzen 7 3700X,PSU:Corsair CV550,0.014,0.7567567567567568,1.2029196578552803
CPU:AMD Ryzen 7 4700G,PSU:Corsair CV550,0.0118,0.7564102564102564,1.2023688704661524
GPU:GeForce RTX 3060 | PSU:Corsair CV550,Storage:Kingston NV2 500GB NVMe SSD,0.0165,0.22088353413654618,1.2011067652884513
GPU:GeForce RTX 3070 | RAM:Corsair Vengeance LPX 32GB DDR4,PSU:Corsair CV550,0.0157,0.7548076923076923,1.1998214787914359
Storage:Samsung 990 Pro 2TB NVMe SSD,Motherboard:ASUS TUF Gaming B550-PLUS WiFi II,0.0254,0.2125523012552301,1.1995050860904635
GPU:GeForce RTX 3070,PSU:MSI MAG A650BN,0.0231,0.2661290322580645,1.1993196586663566
GPU:GeForce GTX 1660 Super | Storage:Crucial P3 1TB NVMe SSD,PSU:Corsair CV550,0.0132,0.7542857142857142,1.198991756931671
GPU:Radeon RX 6600 | RAM:Corsair Vengeance LPX 16GB DDR4,PSU:Corsair CV550,0.0141,0.7540106951871657,1.198554594161764
GPU:Radeon RX 6600,PSU:Corsair CV550,0.0459,0.7536945812807881,1.1980521082193423
PSU:Corsair CV550 | RAM:Corsair Vengeance LPX 32GB DDR4,Storage:Samsung 980 1TB NVMe SSD,0.0238,0.22389463781749766,1.1972975284358163
GPU:Radeon RX 6600 XT,RAM:Kingston Fury Beast 16GB DDR4,0.0166,0.2573643410852713,1.1970434469082385
Motherboard:Gigabyte B550 AORUS Elite AX V2,RAM:Corsair Vengeance LPX 16GB DDR4,0.0441,0.26265634306134605,1.1922666503011623
RAM:Corsair Vengeance LPX 16GB DDR4,Motherboard:Gigabyte B550 AORUS Elite AX V2,0.0441,0.20018157058556516,1.1922666503011623
Motherboard:Gigabyte B560 AORUS PRO AX | RAM:Corsair Vengeance LPX 16GB DDR4,PSU:Corsair CV550,0.0165,0.7500000000000001,1.1921793037672868
GPU:GeForce RTX 3070 | Motherboard:Gigabyte B550 AORUS Elite AX V2,PSU:Corsair CV550,0.0123,0.75,1.1921793037672865
Motherboard:MSI B550M PRO-VDH WiFi | PSU:Corsair CV550,Storage:WD Black SN770 1TB NVMe SSD,0.0274,0.2275747508305648,1.1914908420448418
Motherboard:Gigabyte B550 AORUS Elite AX V2 | Storage:Samsung 980 1TB NVMe SSD,PSU:Corsair CV550,0.0236,0.7492063492063492,1.1909177383664746
Motherboard:MSI B550M PRO-VDH WiFi | RAM:Kingston Fury Beast 16GB DDR4,Storage:WD Black SN770 1TB NVMe SSD,0.0111,0.22745901639344263,1.1908849025834691
Motherboard:MSI B550M PRO-VDH WiFi | Storage:Samsung 980 1TB NVMe SSD,PSU:Corsair CV550,0.0246,0.7477203647416414,1.1885556584670822
Motherboard:Gigabyte B560 AORUS PRO AX | Storage:Samsung 980 1TB NVMe SSD,PSU:Corsair CV550,0.0139,0.7473118279569892,1.1879062596677623
Motherboard:Gigabyte B560 AORUS PRO AX | Storage:Kingston NV2 500GB NVMe SSD,PSU:Corsair CV550,0.013,0.7471264367816092,1.1876115669712433
Motherboard:Gigabyte B550 AORUS Elite AX V2 | Storage:WD Black SN770 1TB NVMe SSD,PSU:Corsair CV550,0.0251,0.7470238095238096,1.1874484335142421
Motherboard:Gigabyte B560 AORUS PRO AX | RAM:G.Skill Ripjaws V 32GB DDR4,PSU:Corsair CV550,0.012,0.7453416149068324,1.1847744633712167
GPU:GeForce RTX 2060 | RAM:Corsair Vengeance LPX 32GB DDR4,PSU:Corsair CV550,0.0104,0.7428571428571428,1.180825215159979
Motherboard:ASUS Prime B560M-A | PSU:Corsair CV550,Storage:Samsung 980 1TB NVMe SSD,0.018,0.2205882352941176,1.1796162315193455
Motherboard:Gigabyte B560 AORUS PRO AX,PSU:Corsair CV550,0.0583,0.7417302798982188,1.1790339848962308
RAM:G.Skill Ripjaws V 32GB DDR4 | Storage:WD Black SN770 1TB NVMe SSD,PSU:Corsair CV550,0.0243,0.7408536585365852,1.1776405317701244
GPU:GeForce RTX 3060 | PSU:Corsair CV550,Storage:WD Black SN770 1TB NVMe SSD,0.0168,0.22489959839357426,1.1774848083433207
PSU:Corsair CV550 | RAM:G.Skill Ripjaws V 32GB DDR4,Storage:Samsung 980 1TB NVMe SSD,0.0223,0.22013820335636722,1.177209643616937
GPU:Radeon RX 6700 XT,PSU:Corsair CV550,0.0411,0.7405405405405405,1.1771428080440955
GPU:GeForce RTX 3070 | PSU:Corsair CV550,Storage:Samsung 980 1TB NVMe SSD,0.0128,0.21993127147766323,1.1761030560302845
GPU:GeForce RTX 3070 | Storage:Samsung 980 1TB NVMe SSD,PSU:Corsair CV550,0.0128,0.7398843930635839,1.1760998141210999
Motherboard:ASUS Prime B560M-A,Storage:Samsung 980 1TB NVMe SSD,0.0235,0.21942110177404295,1.173374875797021
PSU:Corsair CV550 | RAM:Kingston Fury Beast 16GB DDR4,Storage:Crucial P3 1TB NVMe SSD,0.034,0.2,1.1730205278592376
PSU:MSI MAG A650BN | Storage:WD Black SN770 1TB NVMe SSD,RAM:Kingston Fury Beast 16GB DDR4,0.0104,0.2518159806295399,1.1712371192071624
Motherboard:ASUS Prime B560M-A | Storage:Crucial P3 1TB NVMe SSD,PSU:Corsair CV550,0.0148,0.7363184079601991,1.170431422604036
Motherboard:ASUS TUF Gaming B550-PLUS WiFi II | PSU:Corsair CV550,Storage:Samsung 980 1TB NVMe SSD,0.0237,0.2188365650969529,1.1702490112136519
RAM:Corsair Vengeance LPX 32GB DDR4 | Storage:Crucial P3 1TB NVMe SSD,PSU:Corsair CV550,0.0208,0.734982332155477,1.168307633373831
GPU:GeForce RTX 3060,Storage:Kingston NV2 500GB NVMe SSD,0.0212,0.2147922998986829,1.1679842300091512
GPU:GeForce RTX 3070 | RAM:G.Skill Ripjaws V 32GB DDR4,PSU:Corsair CV550,0.0154,0.7333333333333333,1.1656864303502357
GPU:GeForce RTX 3060 Ti | PSU:Corsair CV550,Motherboard:ASUS TUF Gaming B550-PLUS WiFi II,0.0126,0.20655737704918034,1.1656736853791216
Motherboard:Gigabyte B550 AORUS Elite AX V2 | PSU:Corsair CV550,Storage:WD Black SN770 1TB NVMe SSD,0.0251,0.2225177304964539,1.1650142957929523
GPU:GeForce RTX 3060 | PSU:Corsair CV550,Motherboard:ASUS TUF Gaming B550-PLUS WiFi II,0.0154,0.20615796519410978,1.163419668138317
CPU:AMD Ryzen 7 PRO 4750G,PSU:Corsair CV550,0.012,0.7317073170731707,1.1631017597729625
Motherboard:Gigabyte B560 AORUS PRO AX | Storage:WD Black SN770 1TB NVMe SSD,PSU:Corsair CV550,0.0117,0.73125,1.1623748211731044
GPU:GeForce RTX 3060 | Motherboard:Gigabyte B550 AORUS Elite AX V2,PSU:Corsair CV550,0.0125,0.7309941520467836,1.16196813232679
Storage:WD Black SN770 1TB NVMe SSD,PSU:Corsair CV550,0.1391,0.7282722513089005,1.1576414740246392
PSU:Corsair CV550,Storage:WD Black SN770 1TB NVMe SSD,0.1391,0.22110952153870608,1.1576414740246392
GPU:Radeon RX 6700 XT,Storage:Samsung 980 1TB NVMe SSD,0.012,0.21621621621621623,1.1562364503540974
Motherboard:MSI B550M PRO-VDH WiFi,PSU:Corsair CV550,0.1204,0.7270531400966184,1.1557036084829413
Motherboard:Gigabyte B550 AORUS Elite AX V2,RAM:Kingston Fury Beast 16GB DDR4,0.0417,0.24836212030970817,1.1551726526032937
GPU:Radeon RX 6600 | Storage:WD Black SN770 1TB NVMe SSD,PSU:Corsair CV550,0.0114,0.7261146496815287,1.1542118100167362
GPU:GeForce RTX 3060 Ti | Motherboard:Gigabyte B550 AORUS Elite AX V2,PSU:Corsair CV550,0.0103,0.7253521126760563,1.1529997022350282
RAM:Corsair Vengeance LPX 32GB DDR4 | Storage:WD Black SN770 1TB NVMe SSD,PSU:Corsair CV550,0.0256,0.7252124645892352,1.1527777214898032
GPU:GeForce RTX 3070,Storage:WD Black SN770 1TB NVMe SSD,0.0191,0.22004608294930875,1.152073732718894
Motherboard:MSI B550M PRO-VDH WiFi | RAM:Corsair Vengeance LPX 32GB DDR4,PSU:Corsair CV550,0.021,0.7241379310344828,1.1510696726028975
Motherboard:Gigabyte B550 AORUS Elite AX V2 | Storage:Crucial P3 1TB NVMe SSD,PSU:Corsair CV550,0.0209,0.7231833910034602,1.149552362110094
Motherboard:MSI MAG B560M Mortar WiFi | RAM:G.Skill Ripjaws V 32GB DDR4,PSU:Corsair CV550,0.0117,0.7222222222222223,1.1480245147388688
PSU:Corsair CV550 | RAM:Corsair Vengeance LPX 16GB DDR4,Storage:WD Black SN770 1TB NVMe SSD,0.0381,0.2192174913693901,1.1477355569078016
RAM:Corsair Vengeance LPX 32GB DDR4,Storage:WD Black SN770 1TB NVMe SSD,0.0353,0.21803582458307597,1.1415488198066803
Storage:WD Black SN770 1TB NVMe SSD,RAM:Corsair Vengeance LPX 16GB DDR4,0.048,0.2513089005235602,1.140757605644849
RAM:Corsair Vengeance LPX 16GB DDR4,Storage:WD Black SN770 1TB NVMe SSD,0.048,0.21788470267816615,1.140757605644849
Storage:Samsung 980 1TB NVMe SSD,PSU:Corsair CV550,0.1341,0.7171122994652406,1.1399019225325713
PSU:Corsair CV550,Storage:Samsung 980 1TB NVMe SSD,0.1341,0.21316165951359084,1.1399019225325713
GPU:GeForce RTX 3060 Ti | PSU:Corsair CV550,Storage:Samsung 980 1TB NVMe SSD,0.013,0.21311475409836064,1.1396510914350837
RAM:Kingston Fury Beast 16GB DDR5,PSU:Corsair CV550,0.0182,0.7165354330708662,1.1389849516306887
GPU:GeForce RTX 3060 Ti,Motherboard:ASUS TUF Gaming B550-PLUS WiFi II,0.0179,0.20180383314543404,1.138847816847822
Storage:WD Black SN770 1TB NVMe SSD,RAM:Kingston Fury Beast 16GB DDR4,0.0467,0.2445026178010471,1.1372214781444052
RAM:Kingston Fury Beast 16GB DDR4,Storage:WD Black SN770 1TB NVMe SSD,0.0467,0.2172093023255814,1.1372214781444052
Storage:Crucial P3 1TB NVMe SSD,RAM:Corsair Vengeance LPX 16GB DDR4,0.0427,0.2504398826979472,1.1368129037582715
RAM:G.Skill Ripjaws V 32GB DDR4 | Storage:Samsung 980 1TB NVMe SSD,PSU:Corsair CV550,0.0223,0.7147435897435898,1.1361366869235252
GPU:Radeon RX 6600 | Storage:Samsung 980 1TB NVMe SSD,PSU:Corsair CV550,0.0115,0.7142857142857143,1.135408860730749
PSU:Corsair CV550 | RAM:Corsair Vengeance LPX 16GB DDR4,Storage:Samsung 980 1TB NVMe SSD,0.0369,0.21231300345224396,1.135363654824834
RAM:Corsair Vengeance LPX 32GB DDR4,Storage:Samsung 980 1TB NVMe SSD,0.0343,0.2118591723285979,1.1329367504203096
Motherboard:ASUS Prime B560M-A | Storage:WD Black SN770 1TB NVMe SSD,PSU:Corsair CV550,0.0158,0.7117117117117118,1.1313172972686565
Motherboard:ASUS TUF Gaming B550-PLUS WiFi II | Storage:Samsung 980 1TB NVMe SSD,PSU:Corsair CV550,0.0237,0.7117117117117117,1.1313172972686563
PSU:Corsair CV550 | RAM:Kingston Fury Beast 16GB DDR4,Storage:Samsung 980 1TB NVMe SSD,0.0359,0.2111764705882353,1.1292859389745202
Storage:Crucial P3 1TB NVMe SSD,PSU:Corsair CV550,0.1211,0.7102639296187683,1.1290159428052269
Motherboard:ASUS Prime B560M-A | RAM:G.Skill Ripjaws V 32GB DDR4,PSU:Corsair CV550,0.0125,0.7102272727272727,1.1289576740220517
GPU:GeForce RTX 3070 | Motherboard:ASUS TUF Gaming B550-PLUS WiFi II,PSU:Corsair CV550,0.0115,0.7098765432098766,1.1284001640595718
GPU:GeForce RTX 3060 Ti | Storage:Samsung 990 Pro 2TB NVMe SSD,PSU:Corsair CV550,0.0124,0.7085714285714285,1.1263255898449032
Motherboard:MSI B550M PRO-VDH WiFi | RAM:G.Skill Ripjaws V 32GB DDR4,PSU:Corsair CV550,0.0219,0.7064516129032258,1.1229559893549925
Motherboard:MSI B550M PRO-VDH WiFi,Storage:WD Black SN770 1TB NVMe SSD,0.0355,0.21437198067632848,1.1223663909755417
Storage:Samsung 980 1TB NVMe SSD,RAM:Kingston Fury Beast 16GB DDR4,0.0451,0.2411764705882353,1.121751025991792
RAM:Kingston Fury Beast 16GB DDR4,Storage:Samsung 980 1TB NVMe SSD,0.0451,0.20976744186046511,1.121751025991792
GPU:GeForce RTX 2060,Storage:WD Black SN770 1TB NVMe SSD,0.0226,0.21421800947867298,1.121560259050644
Storage:Samsung 980 1TB NVMe SSD,RAM:Corsair Vengeance LPX 16GB DDR4,0.0461,0.24652406417112302,1.1190379671862143
RAM:Corsair Vengeance LPX 16GB DDR4,Storage:Samsung 980 1TB NVMe SSD,0.0461,0.20926009986382207,1.1190379671862143
GPU:GeForce RTX 3060 Ti | Motherboard:ASUS TUF Gaming B550-PLUS WiFi II,PSU:Corsair CV550,0.0126,0.7039106145251397,1.1189168884519785
Motherboard:Gigabyte B550 AORUS Elite AX V2 | PSU:Corsair CV550,Storage:Samsung 980 1TB NVMe SSD,0.0236,0.20921985815602837,1.1188227708878522
Motherboard:ASUS TUF Gaming B550-PLUS WiFi II | Storage:Crucial P3 1TB NVMe SSD,PSU:Corsair CV550,0.0211,0.7033333333333334,1.1179992581995444
PSU:Corsair CV550 | RAM:Kingston Fury Beast 16GB DDR4,Storage:WD Black SN770 1TB NVMe SSD,0.0362,0.21294117647058824,1.1148752694795196
GPU:GeForce RTX 3070 | Storage:Crucial P3 1TB NVMe SSD,PSU:Corsair CV550,0.0103,0.7006802721088435,1.1137820252882586
Motherboard:Gigabyte B560 AORUS PRO AX,PSU:MSI MAG A650BN,0.0194,0.24681933842239184,1.1122998576944203
GPU:GeForce RTX 3060 | PSU:Corsair CV550,Storage:Samsung 980 1TB NVMe SSD,0.0155,0.2074966532797858,1.1096077715496568
GPU:GeForce RTX 3060,Storage:WD Black SN770 1TB NVMe SSD,0.0209,0.21175278622087132,1.1086533309993263
GPU:Radeon RX 6800,Storage:WD Black SN770 1TB NVMe SSD,0.0143,0.21153846153846156,1.1075312122432543
RAM:G.Skill Ripjaws V 32GB DDR4,Storage:WD Black SN770 1TB NVMe SSD,0.0328,0.21106821106821108,1.105069167896393
GPU:GeForce RTX 2060 | PSU:Corsair CV550,Storage:WD Black SN770 1TB NVMe SSD,0.0172,0.21078431372549017,1.103582794374294
RAM:Corsair Vengeance LPX 32GB DDR4 | Storage:Samsung 980 1TB NVMe SSD,PSU:Corsair CV550,0.0238,0.6938775510204083,1.1029686075670135
GPU:Radeon RX 6600,PSU:MSI MAG A650BN,0.0149,0.24466338259441706,1.102583968429099
Motherboard:MSI MAG B560M Mortar WiFi,Storage:Samsung 980 1TB NVMe SSD,0.0195,0.20591341077085532,1.101141234068745
Motherboard:MSI MAG B560M Mortar WiFi | PSU:Corsair CV550,Storage:Samsung 980 1TB NVMe SSD,0.0151,0.20572207084468663,1.1001180259074153
RAM:G.Skill Ripjaws V 32GB DDR4 | Storage:Crucial P3 1TB NVMe SSD,PSU:Corsair CV550,0.0189,0.6897810218978102,1.0964568779173585
Motherboard:ASUS TUF Gaming B550-PLUS WiFi II | RAM:Corsair Vengeance LPX 32GB DDR4,PSU:MSI MAG A650BN,0.0108,0.24324324324324326,1.0961840614837461
GPU:GeForce RTX 3060 Ti,PSU:Corsair CV550,0.061,0.6877113866967305,1.0931670429132578
Motherboard:MSI B550M PRO-VDH WiFi | PSU:Corsair CV550,Storage:Samsung 980 1TB NVMe SSD,0.0246,0.20431893687707642,1.092614635706291
Motherboard:ASUS Prime B560M-A | RAM:Corsair Vengeance LPX 32GB DDR4,PSU:Corsair CV550,0.012,0.6857142857142856,1.089992506301519
Motherboard:ASUS Prime B560M-A,Storage:WD Black SN770 1TB NVMe SSD,0.0222,0.20728291316526612,1.085250854268409
GPU:GeForce RTX 3060 Ti | PSU:Corsair CV550,Storage:WD Black SN770 1TB NVMe SSD,0.0126,0.20655737704918034,1.0814522358595828
GPU:GeForce RTX 3060 | PSU:Corsair CV550,RAM:Kingston Fury Beast 16GB DDR4,0.0173,0.23159303882195448,1.0771769247532768
GPU:Radeon RX 6700 XT,Storage:WD Black SN770 1TB NVMe SSD,0.0114,0.20540540540540542,1.0754209707089288
GPU:GeForce RTX 2060 | PSU:Corsair CV550,Storage:Samsung 980 1TB NVMe SSD,0.0164,0.20098039215686275,1.0747614553842928
RAM:G.Skill Ripjaws V 32GB DDR4,Storage:Samsung 980 1TB NVMe SSD,0.0312,0.20077220077220076,1.0736481324716618
RAM:Corsair Vengeance LPX 32GB DDR4,PSU:MSI MAG A650BN,0.0385,0.23780111179740582,1.0716589085056594
GPU:GeForce RTX 3070 | Storage:Crucial P3 Plus 2TB NVMe SSD,PSU:Corsair CV550,0.0105,0.6730769230769231,1.0699045033808983
Motherboard:ASUS Prime B760M-A WiFi,PSU:MSI MAG A650BN,0.0126,0.23728813559322035,1.0693471635566487
Motherboard:Gigabyte B550 AORUS Elite AX V2,PSU:Corsair CV550,0.1128,0.6718284693269804,1.0679199957510417
GPU:GeForce RTX 3070,PSU:Corsair CV550,0.0582,0.6705069124423964,1.0658192853956387
Motherboard:Gigabyte B560 AORUS PRO AX,Storage:WD Black SN770 1TB NVMe SSD,0.016,0.2035623409669211,1.0657714186749796
Storage:Samsung 990 Pro 2TB NVMe SSD,PSU:MSI MAG A650BN,0.0282,0.23598326359832636,1.0634667129262116
Motherboard:Gigabyte B560 AORUS PRO AX | RAM:Corsair Vengeance LPX 32GB DDR4,PSU:Corsair CV550,0.0118,0.6666666666666666,1.0597149366820324
Motherboard:ASUS Prime B560M-A,PSU:MSI MAG A650BN,0.025,0.2334267040149393,1.0519454890263151
Motherboard:Gigabyte B560 AORUS PRO AX | PSU:Corsair CV550,Storage:WD Black SN770 1TB NVMe SSD,0.0117,0.2006861063464837,1.0507125986726895
Motherboard:Gigabyte B550 AORUS Elite AX V2,Storage:WD Black SN770 1TB NVMe SSD,0.0336,0.20011911852293032,1.0477440760362844
GPU:Radeon RX 6700 XT,PSU:MSI MAG A650BN,0.0129,0.23243243243243242,1.0474647698622461
RAM:Corsair Vengeance LPX 32GB DDR4,PSU:Corsair CV550,0.1063,0.6565781346510192,1.0436784845827678
GPU:GeForce RTX 3060 Ti,PSU:MSI MAG A650BN,0.0205,0.23111612175873733,1.0415327704314437
RAM:G.Skill Ripjaws V 32GB DDR4,PSU:MSI MAG A650BN,0.0359,0.231016731016731,1.0410848626260973
RAM:G.Skill Ripjaws V 32GB DDR4,PSU:Corsair CV550,0.1013,0.6518661518661518,1.0361884467749989
GPU:Radeon RX 6800 | RAM:G.Skill Ripjaws V 32GB DDR4,PSU:Corsair CV550,0.0116,0.6516853932584269,1.035901117880189
RAM:Kingston Fury Beast 16GB DDR4 | Storage:Crucial P3 1TB NVMe SSD,PSU:MSI MAG A650BN,0.0101,0.2290249433106576,1.0321088026618188
GPU:GeForce RTX 3060,RAM:Kingston Fury Beast 16GB DDR4,0.0219,0.22188449848024316,1.0320209231639217
Motherboard:Gigabyte B550 AORUS Elite AX V2 | RAM:Corsair Vengeance LPX 32GB DDR4,PSU:Corsair CV550,0.0238,0.6485013623978202,1.0308398702874269
Motherboard:MSI B550M PRO-VDH WiFi | RAM:Kingston Fury Beast 16GB DDR4,PSU:MSI MAG A650BN,0.0111,0.22745901639344263,1.025051899024077
Storage:Crucial P3 Plus 2TB NVMe SSD,PSU:MSI MAG A650BN,0.0258,0.22493461203138623,1.0136755837376576
Storage:Crucial P3 1TB NVMe SSD,PSU:MSI MAG A650BN,0.038,0.2228739002932551,1.0043889152467558
RAM:Kingston Fury Beast 16GB DDR4 | Storage:WD Black SN770 1TB NVMe SSD,PSU:MSI MAG A650BN,0.0104,0.22269807280513917,1.0035965426099107
Motherboard:Gigabyte B550 AORUS Elite AX V2,PSU:MSI MAG A650BN,0.0373,0.2221560452650387,1.0011538768140547
